endorser,arm,wave,facet_label,term,estimate,std.error,p.value,conf.low,conf.high
Personal physician (w3),Personal,October 2020,Control group mean,(Intercept),0.6649899790105969,0.02416391656564166,4.035155329196832e-140,0.6175986842277584,0.7123812737934353
Personal physician (w3),Personal,October 2020,Average Treatment Effect,treat,0.01772829244243401,0.033833902182923974,0.6003548901983411,-0.048628186965567644,0.08408477185043567
Personal physician (w3),Personal,October 2020,Treatment X 7-pt PID,treat:pid_7_c,-0.0061172041429367685,0.014541761270041557,0.6740486915401336,-0.0346371211496897,0.022402712863816163
Personal physician (w3),Social,October 2020,Control group mean,(Intercept),0.6383472803672984,0.025980443673159614,1.5587510217461638e-115,0.5873930470031978,0.6893015137313989
Personal physician (w3),Social,October 2020,Average Treatment Effect,treat,0.026298954050991186,0.035800762429221734,0.4626815593414465,-0.043915412815879074,0.09651332091786144
Personal physician (w3),Social,October 2020,Treatment X 7-pt PID,treat:pid_7_c,0.009166543390144886,0.01640706932077445,0.5764380129031152,-0.023011877021335503,0.04134496380162528
Personal physician (w3),Pooled,October 2020,Control group mean,(Intercept),0.6491459980726189,0.017903280774056292,6.954904742523636e-247,0.6140448285789284,0.6842471675663093
Personal physician (w3),Pooled,October 2020,Average Treatment Effect,treat,0.023618422457804808,0.02503599733089028,0.34554838457314574,-0.02546715000490394,0.07270399492051355
Personal physician (w3),Pooled,October 2020,Treatment X 7-pt PID,treat:pid_7_c,0.0033610584767028006,0.01118406493138994,0.7637956948911041,-0.01856641748368304,0.025288534437088638
Pharmacy (w3),Personal,October 2020,Control group mean,(Intercept),0.6528188770426099,0.02393043128726609,8.831047224555695e-138,0.6058850518358682,0.6997527022493516
Pharmacy (w3),Personal,October 2020,Average Treatment Effect,treat,0.035362185769818574,0.03382198637560059,0.29591228010764375,-0.030971562153142007,0.10169593369277916
Pharmacy (w3),Personal,October 2020,Treatment X 7-pt PID,treat:pid_7_c,-0.0012726830943531704,0.014866135635408484,0.9317861760761839,-0.03042905737931019,0.027883691190603847
Pharmacy (w3),Social,October 2020,Control group mean,(Intercept),0.6419472464120821,0.025968251209157838,1.0349819306751236e-116,0.5910168526025472,0.692877640221617
Pharmacy (w3),Social,October 2020,Average Treatment Effect,treat,0.037235866294790726,0.03576597609553315,0.2979673232637891,-0.032910376240229314,0.10738210882981077
Pharmacy (w3),Social,October 2020,Treatment X 7-pt PID,treat:pid_7_c,-0.009423367489145129,0.015730368771925525,0.549209590753004,-0.040274650845524756,0.021427915867234495
Pharmacy (w3),Pooled,October 2020,Control group mean,(Intercept),0.6452660176981446,0.017847791564852996,2.1816861943258815e-245,0.6102735452508893,0.6802584901454
Pharmacy (w3),Pooled,October 2020,Average Treatment Effect,treat,0.03890682972563536,0.024760905010945803,0.1161982779882564,-0.009639528697268217,0.08745318814853895
Pharmacy (w3),Pooled,October 2020,Treatment X 7-pt PID,treat:pid_7_c,-0.00629726248458847,0.010933651632707373,0.5646824008833276,-0.027733836422331723,0.015139311453154782
Health Insurance (w3),Personal,October 2020,Control group mean,(Intercept),0.6635708323665702,0.023378653417810338,3.639034773105844e-147,0.6177191876590895,0.7094224770740509
Health Insurance (w3),Personal,October 2020,Average Treatment Effect,treat,0.005561727067012093,0.03264468696340791,0.8647367501315124,-0.058463029255899315,0.0695864833899235
Health Insurance (w3),Personal,October 2020,Treatment X 7-pt PID,treat:pid_7_c,0.015484633286375704,0.014319487533085495,0.2796760001634585,-0.012599621312310702,0.04356888788506211
Health Insurance (w3),Social,October 2020,Control group mean,(Intercept),0.643105383493677,0.025962751640418974,4.256239510377707e-117,0.5921857391574251,0.6940250278299288
Health Insurance (w3),Social,October 2020,Average Treatment Effect,treat,0.049561586185259944,0.035560646321396924,0.16357091706201374,-0.02018200217283258,0.11930517454335246
Health Insurance (w3),Social,October 2020,Treatment X 7-pt PID,treat:pid_7_c,0.0028638765882780105,0.016112410527408926,0.8589440221775353,-0.028736711239172395,0.03446446441572842
Health Insurance (w3),Pooled,October 2020,Control group mean,(Intercept),0.6499971060091319,0.01776324125860613,1.7858467763157963e-250,0.6151703971694148,0.6848238148488489
Health Insurance (w3),Pooled,October 2020,Average Treatment Effect,treat,0.03303738564584027,0.024597712887220097,0.17931939604876054,-0.01518902598560274,0.08126379727728328
Health Insurance (w3),Pooled,October 2020,Treatment X 7-pt PID,treat:pid_7_c,0.008243776984903105,0.010857407320667046,0.4477354020148312,-0.013043315725605714,0.029530869695411924
Spiritual leader (w3),Personal,October 2020,Control group mean,(Intercept),0.6655386998282261,0.024058871866309492,4.0868128897341744e-141,0.6183531050277353,0.7127242946287169
Spiritual leader (w3),Personal,October 2020,Average Treatment Effect,treat,-0.06670285673441022,0.03451789035029829,0.05346191095670035,-0.13440125907378764,9.95545604967188e-4
Spiritual leader (w3),Personal,October 2020,Treatment X 7-pt PID,treat:pid_7_c,0.010048725251887,0.015088418930231445,0.5055015273196533,-0.019543519379455587,0.039640969883229585
Spiritual leader (w3),Social,October 2020,Control group mean,(Intercept),0.6503882227350078,0.026141283654135365,1.938845108103854e-117,0.5991172280177156,0.7016592174523001
Spiritual leader (w3),Social,October 2020,Average Treatment Effect,treat,-0.03951418540174677,0.036214331904193806,0.2753683783039494,-0.11054148629163492,0.03151311548814138
Spiritual leader (w3),Social,October 2020,Treatment X 7-pt PID,treat:pid_7_c,0.03220043014895009,0.016408538506598163,0.04986998017834368,1.830389145870276e-5,0.06438255640644147
Spiritual leader (w3),Pooled,October 2020,Control group mean,(Intercept),0.65227982465626555,0.017914153986695724,7.504851657204795e-248,0.6171570619719868,0.6874025873405443
Spiritual leader (w3),Pooled,October 2020,Average Treatment Effect,treat,-0.04715338049905387,0.02537182137346622,0.06317945603954123,-0.09689775925285815,0.0025909982547504054
Spiritual leader (w3),Pooled,October 2020,Treatment X 7-pt PID,treat:pid_7_c,0.021650481865726778,0.01124287664828187,0.05421873951878638,-3.924730345988975e-4,0.04369343676605245
Trump + Fauci (w3),Personal,October 2020,Control group mean,(Intercept),0.6592101646997284,0.023388378850642256,7.059113548351858e-145,0.613338663083003,0.7050816663164537
Trump + Fauci (w3),Personal,October 2020,Average Treatment Effect,treat,-0.05211434888128995,0.035350886786412926,0.14060363708906437,-0.12144785295744305,0.017219155194863153
Trump + Fauci (w3),Personal,October 2020,Treatment X 7-pt PID,treat:pid_7_c,0.028937108575965136,0.016375945319845674,0.07739086159193795,-0.003180944881770776,0.06105516203370105
Trump + Fauci (w3),Social,October 2020,Control group mean,(Intercept),0.6470658939405316,0.02621344520858885,1.0386345661494728e-116,0.5956552633584589,0.6984765245226043
Trump + Fauci (w3),Social,October 2020,Average Treatment Effect,treat,-0.02119797818643374,0.03590392195038725,0.5549880864494655,-0.09161387556851998,0.04921791919565251
Trump + Fauci (w3),Social,October 2020,Treatment X 7-pt PID,treat:pid_7_c,0.015396155607177735,0.016423809472753997,0.3486587778551514,-0.016814734446963207,0.047607045661318674
Trump + Fauci (w3),Pooled,October 2020,Control group mean,(Intercept),0.6520144259367634,0.01770856983222132,4.7366849329843145e-253,0.6172948815659233,0.6867339703076035
Trump + Fauci (w3),Pooled,October 2020,Average Treatment Effect,treat,-0.03498540358359166,0.025363592040544867,0.16786881761543174,-0.08471343738862999,0.01474263022144668
Trump + Fauci (w3),Pooled,October 2020,Treatment X 7-pt PID,treat:pid_7_c,0.022210169368489695,0.01150504080817107,0.05362478677550671,-3.4669313436524324e-4,0.044767031871344634
Fauci (w3),Personal,October 2020,Control group mean,(Intercept),0.6572732125006872,0.023328290465727597,1.4505918284579436e-144,0.6115192630644123,0.703027161936962
Fauci (w3),Personal,October 2020,Average Treatment Effect,treat,0.0650572689666021,0.032195338895054305,0.04346092900348624,0.0019123115573921878,0.12820222637581202
Fauci (w3),Personal,October 2020,Treatment X 7-pt PID,treat:pid_7_c,-0.012578264437864023,0.014181678127536412,0.37523316190626854,-0.04039289512938854,0.015236366253660495
Fauci (w3),Social,October 2020,Control group mean,(Intercept),0.6425248525247185,0.02564582246856234,2.3794751792188892e-119,0.592226697235594,0.692823007813843
Fauci (w3),Social,October 2020,Average Treatment Effect,treat,0.047057501962482415,0.03436726136561537,0.17108798125960925,-0.020345672614922927,0.11446067653988776
Fauci (w3),Social,October 2020,Treatment X 7-pt PID,treat:pid_7_c,-0.016128885658465594,0.016109289311939695,0.31685453638229477,-0.047723408953736585,0.015465637636805394
Fauci (w3),Pooled,October 2020,Control group mean,(Intercept),0.6500155861307632,0.017538500365368786,2.6529373788814683e-255,0.6156292947428231,0.6844018775187032
Fauci (w3),Pooled,October 2020,Average Treatment Effect,treat,0.05467182529748349,0.02391330833090779,0.022296910905408144,0.007786973617693968,0.10155667697727301
Fauci (w3),Pooled,October 2020,Treatment X 7-pt PID,treat:pid_7_c,-0.012791842143253353,0.010743995288995117,0.23388697008879497,-0.03385670772363919,0.008273023437132486
Trump (w3),Personal,October 2020,Control group mean,(Intercept),0.6635647819175586,0.023570183580508972,3.9759603524640856e-145,0.617337412722522,0.7097921511125953
Trump (w3),Personal,October 2020,Average Treatment Effect,treat,-0.05649058440274383,0.03396072951053785,0.09640227894139478,-0.12309656461728186,0.010115395811794194
Trump (w3),Personal,October 2020,Treatment X 7-pt PID,treat:pid_7_c,0.08674831566621469,0.014297807975814161,1.5782968820743996e-9,0.058706529495136064,0.11479010183729331
Trump (w3),Social,October 2020,Control group mean,(Intercept),0.6468706933018469,0.026373272977375014,9.48118192261272e-115,0.5951449938456984,0.6985963927579953
Trump (w3),Social,October 2020,Average Treatment Effect,treat,-0.12673224619067816,0.037706280353921026,7.928602924292497e-4,-0.2006852867127772,-0.05277920566857913
Trump (w3),Social,October 2020,Treatment X 7-pt PID,treat:pid_7_c,0.05168921840396787,0.016932309568651892,0.002301381250115699,0.018480008587730336,0.08489842822020541
Trump (w3),Pooled,October 2020,Control group mean,(Intercept),0.6533186556307085,0.017995721916420408,1.261675352716357e-246,0.618035976053811,0.6886013352076059
Trump (w3),Pooled,October 2020,Average Treatment Effect,treat,-0.09228478251109247,0.02576456001364143,3.4562548559522745e-4,-0.1427991614075339,-0.04177040361465104
Trump (w3),Pooled,October 2020,Treatment X 7-pt PID,treat:pid_7_c,0.069045710165147,0.011318734857361672,1.1705242248516244e-9,0.04685403055135193,0.09123738977894208
Lebron James (w5),Pooled,April 2021,Control group mean,(Intercept),0.6233003365372433,0.026337830240483955,2.067540609084964e-106,0.5716400584819591,0.6749606145925274
Lebron James (w5),Pooled,April 2021,Average Treatment Effect,treat,-0.030205928275360047,0.03527886151077395,0.3920127503592886,-0.09940357206300403,0.038991715512283934
Lebron James (w5),Pooled,April 2021,Treatment X 7-pt PID,treat:pid_7_c,0.006248669007258961,0.01650130286421137,0.7049777435193527,-0.02611777448698513,0.038615112501503054
Jorge Ramos (w5),Pooled,April 2021,Control group mean,(Intercept),0.6326677126067168,0.025388184278651426,1.4194626209322004e-115,0.58286894953926,0.6824664756741736
Jorge Ramos (w5),Pooled,April 2021,Average Treatment Effect,treat,-0.05539747588791608,0.03558721230035324,0.11975320284024776,-0.12520156798546683,0.014406616209634661
Jorge Ramos (w5),Pooled,April 2021,Treatment X 7-pt PID,treat:pid_7_c,-0.012085673424314422,0.017757669055205778,0.49623313554872406,-0.04691722908834454,0.022745882239715694
Biden + Fauci (w5),Pooled,April 2021,Control group mean,(Intercept),0.6237631842197052,0.025911726437684204,7.112229202351964e-109,0.5729370048711735,0.674589363568237
Biden + Fauci (w5),Pooled,April 2021,Average Treatment Effect,treat,-0.055500179761441636,0.035961274099411286,0.12295666886741702,-0.12603867403638117,0.015038314513497887
Biden + Fauci (w5),Pooled,April 2021,Treatment X 7-pt PID,treat:pid_7_c,-0.005800508703540009,0.018048914147758856,0.7479684023720532,-0.04120368223296191,0.0296026648258819
Biden (w5),Pooled,April 2021,Control group mean,(Intercept),0.6295950539520295,0.025612771454316976,1.0268913347175865e-112,0.5793551747370084,0.6798349331670507
Biden (w5),Pooled,April 2021,Average Treatment Effect,treat,-0.09682095467939987,0.03616670811183355,0.007506249319095614,-0.1677625570118249,-0.025879352346974832
Biden (w5),Pooled,April 2021,Treatment X 7-pt PID,treat:pid_7_c,-0.01851802024283581,0.01762487110858354,0.29357368170672077,-0.05308949944628251,0.01605345896061089
Obama (w5),Pooled,April 2021,Control group mean,(Intercept),0.6270481652677972,0.025625972837524227,2.2318488622490544e-112,0.576783652247199,0.6773126782883954
Obama (w5),Pooled,April 2021,Average Treatment Effect,treat,-0.10865337878007912,0.03514959843108144,0.002028550697441033,-0.1775981739380913,-0.039708583622066945
Obama (w5),Pooled,April 2021,Treatment X 7-pt PID,treat:pid_7_c,6.164406013391303e-4,0.017378578790490488,0.9717084229933047,-0.033471076989992805,0.03470395819267106
Trump + Fauci (w5),Pooled,April 2021,Control group mean,(Intercept),0.639888576698792,0.02459410886281205,1.3528930390368217e-123,0.5916463146449368,0.6881308387526471
Trump + Fauci (w5),Pooled,April 2021,Average Treatment Effect,treat,-0.0641157239108939,0.0355058462808018,0.07115201635063542,-0.1337617659885694,0.005530318166781595
Trump + Fauci (w5),Pooled,April 2021,Treatment X 7-pt PID,treat:pid_7_c,8.747659801551655e-4,0.017480773992264574,0.9600958567596389,-0.03341442435168843,0.03516395631199876
Fauci (w5),Pooled,April 2021,Control group mean,(Intercept),0.6288910390238354,0.02589695862895783,8.769656887869567e-111,0.5780945720898771,0.6796875059577936
Fauci (w5),Pooled,April 2021,Average Treatment Effect,treat,-0.03159711316474568,0.03524157458866504,0.3700778655140371,-0.10072289368369863,0.03752866735420728
Fauci (w5),Pooled,April 2021,Treatment X 7-pt PID,treat:pid_7_c,0.014161721875196695,0.017553916500356738,0.41993007425406215,-0.02027000239974444,0.04859344615013783
Trump (w5),Pooled,April 2021,Control group mean,(Intercept),0.6355213655922939,0.025113770500827016,8.855893787333328e-119,0.5862613041939851,0.6847814269906026
Trump (w5),Pooled,April 2021,Average Treatment Effect,treat,-0.04688615886957842,0.03578916045379043,0.19036518343512882,-0.11708574285039014,0.0233134251112333
Trump (w5),Pooled,April 2021,Treatment X 7-pt PID,treat:pid_7_c,0.032991807820446986,0.01773524104244626,0.06303842753865986,-0.001795444162919567,0.06777905980381355
