subgroup,estimator,term,estimate,std.error,p.value,conf.low,conf.high,entry
Strong Democrat,DIM,ZTreatment,5.242540176813343,1.438541682085416,2.6988817244651e-4,2.4225949597874927,8.062485393839193,5.2 (1.4)
Weak Democrat,DIM,ZTreatment,2.9431308571925623,2.1766651754982265,0.17641640790005414,-1.3244426392887716,7.210704353673897,2.9 (2.2)
Lean Democrat,DIM,ZTreatment,9.445409814175957,2.739905596623766,5.7542497060228e-4,4.072705828696169,14.818113799655745,9.4 (2.7)
Independent,DIM,ZTreatment,6.645821151780128,1.723436476174605,1.1650195888324257e-4,3.2672055615493516,10.024436742010904,6.6 (1.7)
Lean Republican,DIM,ZTreatment,12.356049105538894,2.659917410882474,3.5797059953674883e-6,7.140076288815905,17.572021922261882,12.4 (2.7)
Weak Republican,DIM,ZTreatment,4.500796765672323,2.3092199442178796,0.05137427415473316,-0.02686753865563038,9.028461070000276,4.5 (2.3)
Strong Republican,DIM,ZTreatment,4.640347427843623,1.665709249554304,0.00535669307877755,1.3749391292334858,7.905755726453759,4.6 (1.7)
Full sample,DIM,ZTreatment,5.960099913507571,0.740682593167965,8.804557067253682e-16,4.5083315613895385,7.411868265625605,6.0 (0.7)
Strong Democrat,OLS,ZTreatment,5.282485842385637,1.3553485675776484,9.803673141081929e-5,2.625620741916416,7.939350942854858,5.3 (1.4)
Weak Democrat,OLS,ZTreatment,3.605227854136369,2.0513043990866477,0.07891049973649157,-0.4165737242497386,7.627029432522477,3.6 (2.1)
Lean Democrat,OLS,ZTreatment,8.778716280807037,2.690073011317902,0.0011158691265032148,3.5036987209912986,14.053733840622776,8.8 (2.7)
Independent,OLS,ZTreatment,6.58042904754553,1.6844036934992843,9.469888623622231e-5,3.278329142545844,9.882528952545217,6.6 (1.7)
Lean Republican,OLS,ZTreatment,11.493177083307593,2.6061086891107963,1.0794216190051474e-5,6.382687996592207,16.60366617002298,11.5 (2.6)
Weak Republican,OLS,ZTreatment,5.218872527665916,2.2119607027494514,0.018364154944887887,0.8818885609058115,9.55585649442602,5.2 (2.2)
Strong Republican,OLS,ZTreatment,4.927798766893745,1.5847714533181227,0.0018833226020499119,1.8210552470049792,8.03454228678251,4.9 (1.6)
Full sample,OLS,ZTreatment,5.982114960867598,0.7187027164967236,8.890718314559997e-17,4.573428013444824,7.390801908290373,6.0 (0.7)
