float,contrast,subgroup,estimator,estimate,std.error,p.value,conf.low,conf.high,entry,covariates_trimmed
Appendix Figure S1,E-1: Trump,Strong Democrat,DIM,-29.362154528987748,5.636388934424474,2.3672476134620757e-7,-40.42468163308555,-18.29962742488995,-29.4 (5.6),
Appendix Figure S1,E-1: Trump,Weak Democrat,DIM,-31.46550289283583,7.980433031388697,9.569899232317773e-5,-47.15631876869043,-15.77468701698122,-31.5 (8.0),
Appendix Figure S1,E-1: Trump,Lean Democrat,DIM,-19.642949728338042,9.134479051891015,0.03238134442098251,-37.62420030137672,-1.661699155299365,-19.6 (9.1),
Appendix Figure S1,E-1: Trump,Independent,DIM,-5.238519274536665,7.150245716177326,0.4641020145976945,-19.284519262900986,8.807480713827653,-5.2 (7.2),
Appendix Figure S1,E-1: Trump,Lean Republican,DIM,1.350257671958145,11.169802484047091,0.9038912494240923,-20.661613683995387,23.362129027911678,1.4 (11.2),
Appendix Figure S1,E-1: Trump,Weak Republican,DIM,3.017723451356722,7.677107475886675,0.6944756964350568,-12.076213590112692,18.111660492826136,3.0 (7.7),
Appendix Figure S1,E-1: Trump,Strong Republican,DIM,16.17141523055901,5.265356343742102,0.0021897018013141696,5.8388486282906955,26.50398183282732,16.2 (5.3),
Appendix Figure S1,E-1: Trump,Full sample,DIM,-9.48780284984628,2.7923208585207107,6.864687560221267e-4,-14.962452766097146,-4.013152933595419,-9.5 (2.8),
Appendix Figure S1,E-1: Trump,Strong Democrat,OLS,-27.206776661957765,5.042787720445962,8.909803159995815e-8,-37.10473769217001,-17.30881563174552,-27.2 (5.0),
Appendix Figure S1,E-1: Trump,Weak Democrat,OLS,-34.018762450054915,6.6225291832573525,4.625237672528535e-7,-47.04321043875181,-20.994314461358027,-34.0 (6.6),
Appendix Figure S1,E-1: Trump,Lean Democrat,OLS,-18.45229687389448,7.437758977663702,0.013766605322906843,-33.10123739302613,-3.8033563547628213,-18.5 (7.4),
Appendix Figure S1,E-1: Trump,Independent,OLS,-1.2525259909129303,6.096226730552614,0.8372961488377858,-13.229615847982718,10.724563866156858,-1.3 (6.1),
Appendix Figure S1,E-1: Trump,Lean Republican,OLS,-10.601994462281422,10.057204144789717,0.293123386203842,-30.43813676699446,9.234147842431618,-10.6 (10.1),
Appendix Figure S1,E-1: Trump,Weak Republican,OLS,5.752498087191941,6.268450850977472,0.35939871927499134,-6.5751158301082135,18.080112004492094,5.8 (6.3),
Appendix Figure S1,E-1: Trump,Strong Republican,OLS,14.743053492081563,4.362581982165552,7.556539263183107e-4,6.181733546327341,23.304373437835785,14.7 (4.4),
Appendix Figure S1,E-1: Trump,Full sample,OLS,-9.228478251109246,2.576456001364143,3.4562548559522745e-4,-14.27991614075339,-4.177040361465104,-9.2 (2.6),
Appendix Figure S2,E-1: Fauci,Strong Democrat,DIM,5.8909854673638815,5.231437850311958,0.260458564658554,-4.37736403619999,16.159334970927752,5.9 (5.2),
Appendix Figure S2,E-1: Fauci,Weak Democrat,DIM,10.932462951396209,7.470911335333318,0.1442357147439923,-3.7589691104334952,25.623895013225912,10.9 (7.5),
Appendix Figure S2,E-1: Fauci,Lean Democrat,DIM,-2.8513983456048506,8.314499876322156,0.731886526165294,-19.214880275833334,13.512083584623635,-2.9 (8.3),
Appendix Figure S2,E-1: Fauci,Independent,DIM,6.930125523693284,7.073831428020223,0.32767479266035027,-6.965074477900759,20.825325525287326,6.9 (7.1),
Appendix Figure S2,E-1: Fauci,Lean Republican,DIM,8.987383124061031,10.781679405138922,0.405410138147024,-12.259630008534932,30.234396256656993,9.0 (10.8),
Appendix Figure S2,E-1: Fauci,Weak Republican,DIM,10.201807748306113,7.288848670274407,0.1624142675282881,-4.128544927420553,24.532160424032778,10.2 (7.3),
Appendix Figure S2,E-1: Fauci,Strong Republican,DIM,0.9912050684857947,5.698412903102768,0.8619446672015759,-10.19102683393059,12.173436970902179,1.0 (5.7),
Appendix Figure S2,E-1: Fauci,Full sample,DIM,4.97722064041374,2.6942590063272442,0.06477802383899733,-0.30517542873927384,10.259616709566753,5.0 (2.7),
Appendix Figure S2,E-1: Fauci,Strong Democrat,OLS,6.898811715687518,4.416045245971222,0.11863136459458988,-1.769543420827041,15.567166852202078,6.9 (4.4),
Appendix Figure S2,E-1: Fauci,Weak Democrat,OLS,8.492355550897807,6.536198936313692,0.19474115718068682,-4.3648092756312495,21.349520377426867,8.5 (6.5),
Appendix Figure S2,E-1: Fauci,Lean Democrat,OLS,3.311002633337308,6.244988150957127,0.5964289112728178,-8.985319689335958,15.607324956010574,3.3 (6.2),
Appendix Figure S2,E-1: Fauci,Independent,OLS,9.660666213353815,5.879748293601142,0.10098249514961612,-1.8904702929915667,21.211802719699197,9.7 (5.9),
Appendix Figure S2,E-1: Fauci,Lean Republican,OLS,9.737627638749277,9.33194339235206,0.29798280572857183,-8.66343902149358,28.138694298992135,9.7 (9.3),covariate_pre_lucid_race_hispanic_binned
Appendix Figure S2,E-1: Fauci,Weak Republican,OLS,11.38550755100201,6.271427547436799,0.07026748488481084,-0.9468236673967303,23.71783876940075,11.4 (6.3),covariate_pre_lucid_race_hispanic_binned
Appendix Figure S2,E-1: Fauci,Strong Republican,OLS,0.8017360638250725,4.281384955429539,0.8514952674702938,-7.600118668470043,9.203590796120187,0.8 (4.3),
Appendix Figure S2,E-1: Fauci,Full sample,OLS,5.467182529748349,2.391330833090779,0.022296910905408144,0.7786973617693969,10.155667697727301,5.5 (2.4),
Appendix Figure S3,E-1: Trump and Fauci,Strong Democrat,DIM,-12.378789296453988,5.788715925140045,0.03276500058172732,-23.74058545545058,-1.0169931374573962,-12.4 (5.8),
Appendix Figure S3,E-1: Trump and Fauci,Weak Democrat,DIM,-13.351234901995715,8.07130530256059,0.0988933242111065,-29.219571373443955,2.5171015694525236,-13.4 (8.1),
Appendix Figure S3,E-1: Trump and Fauci,Lean Democrat,DIM,-7.324500034974546,9.10369650731248,0.4217617220160421,-25.245718772493674,10.59671870254458,-7.3 (9.1),
Appendix Figure S3,E-1: Trump and Fauci,Independent,DIM,-0.32097202375435585,7.112886189814752,0.9640242992310502,-14.293821309122515,13.651877261613802,-0.3 (7.1),
Appendix Figure S3,E-1: Trump and Fauci,Lean Republican,DIM,0.6186801272084206,10.624446404887506,0.9536113026026376,-20.30780510376738,21.54516535818422,0.6 (10.6),
Appendix Figure S3,E-1: Trump and Fauci,Weak Republican,DIM,6.169481719376853,7.5230982099512875,0.4126709309098042,-8.62095344544931,20.959916884203018,6.2 (7.5),
Appendix Figure S3,E-1: Trump and Fauci,Strong Republican,DIM,8.682553066007994,5.440746460967165,0.11083551325905287,-1.9938200834299784,19.358926215445965,8.7 (5.4),
Appendix Figure S3,E-1: Trump and Fauci,Full sample,DIM,-3.721429015633578,2.7945395536227697,0.18304728937963685,-9.200407125616408,1.757549094349252,-3.7 (2.8),
Appendix Figure S3,E-1: Trump and Fauci,Strong Democrat,OLS,-10.329631255541507,4.690701428599371,0.02793133503822342,-19.536777483121597,-1.12248502796142,-10.3 (4.7),
Appendix Figure S3,E-1: Trump and Fauci,Weak Democrat,OLS,-15.592644499358437,6.6251234436091915,0.01912705045637324,-28.621086497529586,-2.5642025011872907,-15.6 (6.6),
Appendix Figure S3,E-1: Trump and Fauci,Lean Democrat,OLS,-3.6342563399758547,7.979882168439422,0.649201934011868,-19.351550003558,12.083037323606288,-3.6 (8.0),
Appendix Figure S3,E-1: Trump and Fauci,Independent,OLS,3.869746259644289,5.963110772992095,0.5166696244510698,-7.846039028329099,15.585531547617679,3.9 (6.0),
Appendix Figure S3,E-1: Trump and Fauci,Lean Republican,OLS,-5.6218944230475145,8.58509638336711,0.5132652534760545,-22.543183542542643,11.299394696447616,-5.6 (8.6),
Appendix Figure S3,E-1: Trump and Fauci,Weak Republican,OLS,4.779100179100588,6.407098328336347,0.4562049523965308,-7.820475142122945,17.37867550032412,4.8 (6.4),
Appendix Figure S3,E-1: Trump and Fauci,Strong Republican,OLS,4.821536528801394,4.394097229629052,0.2727884751351734,-3.801309815893462,13.444382873496249,4.8 (4.4),
Appendix Figure S3,E-1: Trump and Fauci,Full sample,OLS,-3.498540358359166,2.5363592040544867,0.16786881761543174,-8.471343738862998,1.474263022144668,-3.5 (2.5),
Appendix Figure S4,E-1: Physician,Strong Democrat,DIM,-4.957221451222528,5.457503279327059,0.3639535601757067,-15.66856464317386,5.754121740728804,-5.0 (5.5),
Appendix Figure S4,E-1: Physician,Weak Democrat,DIM,-0.6142317997599546,7.782923370031996,0.937136584376907,-15.916213140365846,14.687749540845937,-0.6 (7.8),
Appendix Figure S4,E-1: Physician,Lean Democrat,DIM,4.547120783668706,8.499159150996755,0.5930796099668993,-12.185102612205092,21.279344179542505,4.5 (8.5),
Appendix Figure S4,E-1: Physician,Independent,DIM,5.228858702270359,7.085903747896813,0.46086643892931034,-8.689019063085428,19.146736467626148,5.2 (7.1),
Appendix Figure S4,E-1: Physician,Lean Republican,DIM,27.104834018564578,10.442695747093422,0.01007305731437937,6.525336282686775,47.684331754442375,27.1 (10.4),
Appendix Figure S4,E-1: Physician,Weak Republican,DIM,-6.173399179719433,7.995084600858582,0.44047632178097584,-21.89044582299243,9.543647463553565,-6.2 (8.0),
Appendix Figure S4,E-1: Physician,Strong Republican,DIM,2.4582278170183,5.581343808034378,0.6597139127826176,-8.493950206938822,13.41040584097542,2.5 (5.6),
Appendix Figure S4,E-1: Physician,Full sample,DIM,1.7491652567334908,2.713636842730373,0.5192364766796256,-3.5711760398774035,7.069506553344386,1.7 (2.7),
Appendix Figure S4,E-1: Physician,Strong Democrat,OLS,-3.8324850991270774,4.88582448038538,0.43302020854309264,-13.422277316334688,5.757307118080533,-3.8 (4.9),
Appendix Figure S4,E-1: Physician,Weak Democrat,OLS,-2.50508996824187,6.301528448592575,0.6912085174413352,-14.897754703105221,9.88757476662148,-2.5 (6.3),
Appendix Figure S4,E-1: Physician,Lean Democrat,OLS,8.359892225425137,7.329327774727125,0.255155854116891,-6.077229960922448,22.79701441177272,8.4 (7.3),
Appendix Figure S4,E-1: Physician,Independent,OLS,5.506719496887209,5.5352098472646345,0.3202567191808716,-5.36664509239513,16.380084086169546,5.5 (5.5),
Appendix Figure S4,E-1: Physician,Lean Republican,OLS,7.875834506159669,8.550217725689125,0.35814017776275564,-8.98858493597383,24.740253948293166,7.9 (8.6),
Appendix Figure S4,E-1: Physician,Weak Republican,OLS,-5.2802843005490905,6.645624356809393,0.4273775567777326,-18.347642998219392,7.78707439712121,-5.3 (6.6),
Appendix Figure S4,E-1: Physician,Strong Republican,OLS,0.31713964027490404,4.58804534468405,0.9449055844419447,-8.686226899943119,9.320506180492925,0.3 (4.6),
Appendix Figure S4,E-1: Physician,Full sample,OLS,2.3618422457804806,2.503599733089028,0.34554838457314574,-2.546715000490394,7.270399492051355,2.4 (2.5),
Appendix Figure S5,E-1: Pharmacy,Strong Democrat,DIM,-0.5987789686394224,5.332844723209777,0.910625511375895,-11.065116515417731,9.867558578138887,-0.6 (5.3),
Appendix Figure S5,E-1: Pharmacy,Weak Democrat,DIM,5.625945107887659,7.449165626477116,0.45056496732816853,-9.020313536733582,20.2722037525089,5.6 (7.4),
Appendix Figure S5,E-1: Pharmacy,Lean Democrat,DIM,2.9733664498293058,7.60877879103119,0.6962684026524752,-12.006964430052914,17.953697329711527,3.0 (7.6),
Appendix Figure S5,E-1: Pharmacy,Independent,DIM,-0.1313564959164491,7.02180491081748,0.985081662323169,-13.92413824058712,13.661425248754222,-0.1 (7.0),
Appendix Figure S5,E-1: Pharmacy,Lean Republican,DIM,13.792797581364031,11.051986164636222,0.2133975246949978,-7.991896767278436,35.5774919300065,13.8 (11.1),
Appendix Figure S5,E-1: Pharmacy,Weak Republican,DIM,-7.652806687552069,8.189991067886096,0.35065354561723283,-23.753368127241362,8.447754752137223,-7.7 (8.2),
Appendix Figure S5,E-1: Pharmacy,Strong Republican,DIM,7.59770660283657,5.553996674120652,0.1716266188391415,-3.301039356856418,18.49645256252956,7.6 (5.6),
Appendix Figure S5,E-1: Pharmacy,Full sample,DIM,2.3809623282891197,2.7107333978058104,0.3798124104983156,-2.9337006868448445,7.695625343423085,2.4 (2.7),
Appendix Figure S5,E-1: Pharmacy,Strong Democrat,OLS,0.7741452811340467,4.5844658278335615,0.8659441160447824,-8.223832885487727,9.772123447755819,0.8 (4.6),
Appendix Figure S5,E-1: Pharmacy,Weak Democrat,OLS,5.284123901743625,6.1088368035732,0.3876263646414967,-6.730051501322262,17.29829930480951,5.3 (6.1),
Appendix Figure S5,E-1: Pharmacy,Lean Democrat,OLS,10.919564296720011,6.781456730181394,0.10867211756820516,-2.43949454558508,24.2786231390251,10.9 (6.8),
Appendix Figure S5,E-1: Pharmacy,Independent,OLS,7.825962612791475,6.045197305939689,0.19604026403414843,-4.049994974151386,19.701920199734335,7.8 (6.0),
Appendix Figure S5,E-1: Pharmacy,Lean Republican,OLS,-0.31953742616924435,8.847301610202113,0.9712282705723089,-17.77473746368364,17.13566261134515,-0.3 (8.8),
Appendix Figure S5,E-1: Pharmacy,Weak Republican,OLS,-5.403746983649134,6.339840667159262,0.39456968929148784,-17.870165610543644,7.062671643245374,-5.4 (6.3),
Appendix Figure S5,E-1: Pharmacy,Strong Republican,OLS,6.268426370026595,4.402487935659488,0.15481319526471177,-2.37100519556718,14.907857935620369,6.3 (4.4),
Appendix Figure S5,E-1: Pharmacy,Full sample,OLS,3.8906829725635363,2.47609050109458,0.1161982779882564,-0.9639528697268217,8.745318814853894,3.9 (2.5),
Appendix Figure S6,E-1: Insurance,Strong Democrat,DIM,1.558298954048229,5.308939919673221,0.7691930579586332,-8.861748244137823,11.978346152234282,1.6 (5.3),
Appendix Figure S6,E-1: Insurance,Weak Democrat,DIM,-2.0638401752532998,7.881340223439157,0.7935699829892469,-17.560999537342465,13.433319186835863,-2.1 (7.9),
Appendix Figure S6,E-1: Insurance,Lean Democrat,DIM,-9.093010305232223,8.57631162647341,0.28990535954271063,-25.971993065470677,7.785972455006234,-9.1 (8.6),
Appendix Figure S6,E-1: Insurance,Independent,DIM,2.422363727762866,6.965482103034643,0.7281432265875323,-11.25867864734249,16.103406102868224,2.4 (7.0),
Appendix Figure S6,E-1: Insurance,Lean Republican,DIM,17.919648340418878,11.440746478114567,0.11888314256575039,-4.642407919846084,40.48170460068384,17.9 (11.4),
Appendix Figure S6,E-1: Insurance,Weak Republican,DIM,-0.3925507381149247,7.757098891203401,0.9596651305935753,-15.642096953285844,14.856995477055996,-0.4 (7.8),
Appendix Figure S6,E-1: Insurance,Strong Republican,DIM,11.425436970034704,5.211432853260045,0.028576810554104916,1.1991172243251913,21.65175671574422,11.4 (5.2),
Appendix Figure S6,E-1: Insurance,Full sample,DIM,3.1725639650834747,2.688472257197695,0.23805078611501512,-2.0984547814567227,8.443582711623671,3.2 (2.7),
Appendix Figure S6,E-1: Insurance,Strong Democrat,OLS,3.733886775822127,4.7906828578091245,0.4359635919344186,-5.6694410787724925,13.137214630416747,3.7 (4.8),
Appendix Figure S6,E-1: Insurance,Weak Democrat,OLS,-2.6155240524209598,6.145089162127304,0.6706440780609522,-14.702078142265973,9.471030037424052,-2.6 (6.1),
Appendix Figure S6,E-1: Insurance,Lean Democrat,OLS,-4.572853601223928,6.88513511237305,0.507167688973898,-18.129856586184797,8.984149383736941,-4.6 (6.9),
Appendix Figure S6,E-1: Insurance,Independent,OLS,3.93933544634305,6.142481277104586,0.5215817322989058,-8.126650677644179,16.00532157033028,3.9 (6.1),
Appendix Figure S6,E-1: Insurance,Lean Republican,OLS,21.408157385372213,9.645900764578142,0.027806357205862987,2.364535651490904,40.45177911925353,21.4 (9.6),
Appendix Figure S6,E-1: Insurance,Weak Republican,OLS,-2.03350694445767,6.4019994009266865,0.7509391052845603,-14.622152112545303,10.555138223629964,-2.0 (6.4),
Appendix Figure S6,E-1: Insurance,Strong Republican,OLS,6.378963341040375,4.2706653518490185,0.13557964617839235,-2.001601768963726,14.759528451044476,6.4 (4.3),
Appendix Figure S6,E-1: Insurance,Full sample,OLS,3.303738564584027,2.45977128872201,0.17931939604876054,-1.518902598560274,8.126379727728327,3.3 (2.5),
Appendix Figure S7,E-1: Spiritual Leader,Strong Democrat,DIM,-16.307233979664023,5.665165931779071,0.004095328555177117,-27.42651401734254,-5.187953941985504,-16.3 (5.7),
Appendix Figure S7,E-1: Spiritual Leader,Weak Democrat,DIM,-2.7525311001610357,7.8505356449747685,0.7260669782863831,-18.18769495735988,12.682632757037812,-2.8 (7.9),
Appendix Figure S7,E-1: Spiritual Leader,Lean Democrat,DIM,-13.619299156523354,8.868895745129432,0.12573973242286657,-31.076147115567267,3.8375488025205575,-13.6 (8.9),
Appendix Figure S7,E-1: Spiritual Leader,Independent,DIM,-1.4324079062995085,7.177590959301712,0.8418947631964709,-15.531887870682015,12.667072058083,-1.4 (7.2),
Appendix Figure S7,E-1: Spiritual Leader,Lean Republican,DIM,2.5625568770401457,12.032118760322168,0.8315612495501247,-21.162814148473906,26.2879279025542,2.6 (12.0),
Appendix Figure S7,E-1: Spiritual Leader,Weak Republican,DIM,-9.556246181970701,7.740625650013033,0.2176679537594137,-24.770316786065298,5.657824422123895,-9.6 (7.7),
Appendix Figure S7,E-1: Spiritual Leader,Strong Republican,DIM,8.80865514708402,5.484799944428341,0.10859739198813624,-1.9548133062848014,19.57212360045284,8.8 (5.5),
Appendix Figure S7,E-1: Spiritual Leader,Full sample,DIM,-4.567666047999567,2.7751271207369252,0.0998635797603994,-10.008606738542463,0.8732746425433285,-4.6 (2.8),
Appendix Figure S7,E-1: Spiritual Leader,Strong Democrat,OLS,-13.447859759260266,4.928887153924291,0.0065002271517405315,-23.122511694650218,-3.7732078238703144,-13.4 (4.9),
Appendix Figure S7,E-1: Spiritual Leader,Weak Democrat,OLS,-4.670761304564124,6.129850918960442,0.4465825328367805,-16.726032584987642,7.384509975859394,-4.7 (6.1),
Appendix Figure S7,E-1: Spiritual Leader,Lean Democrat,OLS,-10.067633946969515,6.869754893383331,0.14401615317751612,-23.596314870787204,3.4610469768481726,-10.1 (6.9),
Appendix Figure S7,E-1: Spiritual Leader,Independent,OLS,-0.4251720250531505,5.977573351501107,0.9433239294921397,-12.168925127946883,11.318581077840584,-0.4 (6.0),
Appendix Figure S7,E-1: Spiritual Leader,Lean Republican,OLS,-9.374853437861152,9.366072314234678,0.3182712886956916,-27.862861595514023,9.113154719791714,-9.4 (9.4),
Appendix Figure S7,E-1: Spiritual Leader,Weak Republican,OLS,-12.923431153820655,6.812712317813389,0.05855170668129303,-26.316525031476857,0.4696627238355455,-12.9 (6.8),
Appendix Figure S7,E-1: Spiritual Leader,Strong Republican,OLS,7.101212458556068,4.395614332561422,0.10653393658689163,-1.5251642708114717,15.727589187923607,7.1 (4.4),
Appendix Figure S7,E-1: Spiritual Leader,Full sample,OLS,-4.7153380499053865,2.5371821373466217,0.06317945603954123,-9.689775925285815,0.2590998254750405,-4.7 (2.5),
Appendix Figure S8,E-2: Trump,Strong Democrat,DIM,-13.760597443949244,8.28402318319647,0.09755187474397008,-30.051001429733304,2.529806541834817,-13.8 (8.3),
Appendix Figure S8,E-2: Trump,Weak Democrat,DIM,-5.413287329723941,7.503530165299366,0.4714947442700096,-20.210379961166286,9.383805301718406,-5.4 (7.5),
Appendix Figure S8,E-2: Trump,Lean Democrat,DIM,-24.445038631318212,12.634306483360502,0.055290372940986446,-49.45187024092527,0.5617929782888414,-24.4 (12.6),
Appendix Figure S8,E-2: Trump,Independent,DIM,-5.473496244356949,8.682809332093973,0.5288883194664074,-22.55529793761461,11.608305448900714,-5.5 (8.7),
Appendix Figure S8,E-2: Trump,Lean Republican,DIM,0.7920642490330384,14.179137048410755,0.95554762642497,-27.28897366989491,28.873102167960983,0.8 (14.2),
Appendix Figure S8,E-2: Trump,Weak Republican,DIM,-1.373660093507848,11.246822894414562,0.9029386630777803,-23.5799004098076,20.832580222791904,-1.4 (11.2),
Appendix Figure S8,E-2: Trump,Strong Republican,DIM,6.478189483941353,9.068033275442433,0.47554189082299536,-11.367550609692675,24.32392957757538,6.5 (9.1),
Appendix Figure S8,E-2: Trump,Full sample,DIM,-5.534245170841642,3.892614617312401,0.15529942796149027,-13.169398165659562,2.10090782397628,-5.5 (3.9),
Appendix Figure S8,E-2: Trump,Strong Democrat,OLS,-16.66596781985749,6.036237806717595,0.006080182613218986,-28.53967380238447,-4.792261837330508,-16.7 (6.0),
Appendix Figure S8,E-2: Trump,Weak Democrat,OLS,-5.894292315442283,6.510494078742328,0.3665752048479042,-18.747213312721673,6.958628681837105,-5.9 (6.5),
Appendix Figure S8,E-2: Trump,Lean Democrat,OLS,12.518696620923034,9.605326132850559,0.19565297604065096,-6.552903582625646,31.590296824471714,12.5 (9.6),
Appendix Figure S8,E-2: Trump,Independent,OLS,-5.006681189050241,7.721036471814808,0.5172021663258143,-20.202188155016234,10.188825776915753,-5.0 (7.7),
Appendix Figure S8,E-2: Trump,Lean Republican,OLS,17.198733449077285,8.884165591867383,0.0561288043564528,-0.45950765632699064,34.85697455448155,17.2 (8.9),
Appendix Figure S8,E-2: Trump,Weak Republican,OLS,-1.7514978494887985,10.324055404723723,0.865537693291743,-22.16930249320097,18.666306794223374,-1.8 (10.3),
Appendix Figure S8,E-2: Trump,Strong Republican,OLS,-0.2967675871383715,7.378453085514071,0.967946246884959,-14.822195975022105,14.22866080074536,-0.3 (7.4),covariate_pre_lucid_race_hispanic_binned
Appendix Figure S8,E-2: Trump,Full sample,OLS,-4.688615886957842,3.5789160453790427,0.19036518343512882,-11.708574285039013,2.3313425111233297,-4.7 (3.6),
Appendix Figure S9,E-2: Trump and Fauci,Strong Democrat,DIM,1.4306293419585032,7.5023075279496805,0.8488853122732635,-13.328248425074204,16.18950710899121,1.4 (7.5),
Appendix Figure S9,E-2: Trump and Fauci,Weak Democrat,DIM,-8.667867660148437,9.015927243912717,0.337581935829559,-26.452641375011275,9.116906054714406,-8.7 (9.0),
Appendix Figure S9,E-2: Trump and Fauci,Lean Democrat,DIM,-20.11878520007935,13.825851958296667,0.14863761947790644,-47.535968468990156,7.29839806883145,-20.1 (13.8),
Appendix Figure S9,E-2: Trump and Fauci,Independent,DIM,-0.533844514590129,8.771156429486851,0.9515058004730401,-17.79026129948371,16.722572270303452,-0.5 (8.8),
Appendix Figure S9,E-2: Trump and Fauci,Lean Republican,DIM,2.664482249985839,13.61051121837038,0.8450985957473333,-24.262286452554825,29.591250952526504,2.7 (13.6),
Appendix Figure S9,E-2: Trump and Fauci,Weak Republican,DIM,-15.320263695685357,11.379986539383246,0.18018865127037131,-37.800142657163406,7.159615265792691,-15.3 (11.4),
Appendix Figure S9,E-2: Trump and Fauci,Strong Republican,DIM,-10.624277968827661,8.60102729496076,0.21769735351197483,-27.549363488107982,6.300807550452661,-10.6 (8.6),
Appendix Figure S9,E-2: Trump and Fauci,Full sample,DIM,-6.985373042613185,4.010889424213387,0.08177765155153435,-14.85275113860373,0.8820050533773591,-7.0 (4.0),
Appendix Figure S9,E-2: Trump and Fauci,Strong Democrat,OLS,-1.3935832480116697,5.877860395961608,0.8127459617366302,-12.95987443912902,10.172707943105681,-1.4 (5.9),covariate_pre_lucid_race_hispanic_binned
Appendix Figure S9,E-2: Trump and Fauci,Weak Democrat,OLS,-10.628489255040286,6.116878314123052,0.08422331918070383,-22.70930075939279,1.4523222493122185,-10.6 (6.1),
Appendix Figure S9,E-2: Trump and Fauci,Lean Democrat,OLS,-21.90746125335581,9.534757249642677,0.024130278887568517,-40.87513078786245,-2.9397917188491665,-21.9 (9.5),covariate_pre_lucid_race_hispanic_binned
Appendix Figure S9,E-2: Trump and Fauci,Independent,OLS,2.5526334421494936,6.9427968353662894,0.713390149075086,-11.112025828429681,16.217292712728668,2.6 (6.9),
Appendix Figure S9,E-2: Trump and Fauci,Lean Republican,OLS,16.385926238230635,12.179420244345042,0.18132112659183264,-7.75579761217142,40.52765008863268,16.4 (12.2),covariate_pre_lucid_race_hispanic_binned
Appendix Figure S9,E-2: Trump and Fauci,Weak Republican,OLS,-6.305827539524681,9.276615504549307,0.49784090028622274,-24.654613670100854,12.042958591051494,-6.3 (9.3),covariate_pre_lucid_race_hispanic_binned
Appendix Figure S9,E-2: Trump and Fauci,Strong Republican,OLS,-13.354592447567686,7.299847968886605,0.0683903454201942,-27.723700061372064,1.0145151662366902,-13.4 (7.3),covariate_pre_lucid_race_hispanic_binned
Appendix Figure S9,E-2: Trump and Fauci,Full sample,OLS,-6.41157239108939,3.55058462808018,0.07115201635063542,-13.37617659885694,0.5530318166781595,-6.4 (3.6),
Appendix Figure S10,E-2: Fauci,Strong Democrat,DIM,6.285405113339728,7.173830975034254,0.38152388251572944,-7.822081571014143,20.392891797693597,6.3 (7.2),
Appendix Figure S10,E-2: Fauci,Weak Democrat,DIM,-11.95723939116676,8.792242257519524,0.1755671889333662,-29.308353192426,5.393874410092479,-12.0 (8.8),
Appendix Figure S10,E-2: Fauci,Lean Democrat,DIM,-3.1696928006426344,12.334502980489695,0.7977402544789347,-27.650266853979133,21.31088125269386,-3.2 (12.3),
Appendix Figure S10,E-2: Fauci,Independent,DIM,-10.923972154053697,8.268535617196566,0.18731702430819702,-27.186400311444913,5.338456003337518,-10.9 (8.3),
Appendix Figure S10,E-2: Fauci,Lean Republican,DIM,-10.146014523843984,12.492010053502755,0.41813901729038505,-34.856445143982235,14.56441609629427,-10.1 (12.5),
Appendix Figure S10,E-2: Fauci,Weak Republican,DIM,1.7533011980839754,11.98432386206274,0.8838881193271284,-21.9332303007797,25.43983269694765,1.8 (12.0),
Appendix Figure S10,E-2: Fauci,Strong Republican,DIM,0.1746244641348932,8.986620178278425,0.9845089452057076,-17.50590717691973,17.855156105189515,0.2 (9.0),
Appendix Figure S10,E-2: Fauci,Full sample,DIM,-4.429783987961526,3.898603083464552,0.2560231506708925,-12.076712052635218,3.2171440767121653,-4.4 (3.9),
Appendix Figure S10,E-2: Fauci,Strong Democrat,OLS,2.0928645200411338,5.2621618670542745,0.691091775390427,-8.258404837787916,12.444133877870183,2.1 (5.3),
Appendix Figure S10,E-2: Fauci,Weak Democrat,OLS,-11.169253121967069,7.611574345466011,0.144402520521153,-26.2114998766101,3.8729936326759624,-11.2 (7.6),
Appendix Figure S10,E-2: Fauci,Lean Democrat,OLS,24.17422671295036,10.44192531818901,0.023678005459132533,3.3320565457368447,45.01639688016388,24.2 (10.4),
Appendix Figure S10,E-2: Fauci,Independent,OLS,-4.325193709792185,6.493048652790177,0.5058114808955014,-17.09980194682978,8.449414527245407,-4.3 (6.5),
Appendix Figure S10,E-2: Fauci,Lean Republican,OLS,3.5504459907689996,8.524441890108948,0.677917945338582,-13.357744080156886,20.458636061694886,3.6 (8.5),
Appendix Figure S10,E-2: Fauci,Weak Republican,OLS,-2.4131715548570956,8.48570270609577,0.7765967199634414,-19.210099761503862,14.38375665178967,-2.4 (8.5),covariate_pre_lucid_race_hispanic_binned
Appendix Figure S10,E-2: Fauci,Strong Republican,OLS,-8.268635469807046,6.926588811321981,0.23352726098030524,-21.900048137543926,5.362777197929834,-8.3 (6.9),covariate_pre_lucid_race_hispanic_binned
Appendix Figure S10,E-2: Fauci,Full sample,OLS,-3.159711316474568,3.5241574588665037,0.3700778655140371,-10.072289368369864,3.7528667354207284,-3.2 (3.5),
Appendix Figure S11,E-2: Biden and Fauci,Strong Democrat,DIM,-1.016866835148887,7.886286727052255,0.897479793095076,-16.528437963627603,14.494704293329832,-1.0 (7.9),
Appendix Figure S11,E-2: Biden and Fauci,Weak Democrat,DIM,-8.714002141233196,8.359707342214104,0.29845082179346977,-25.195084845231097,7.7670805627647015,-8.7 (8.4),
Appendix Figure S11,E-2: Biden and Fauci,Lean Democrat,DIM,-25.219100424877105,14.072978540497772,0.07609424281102953,-53.13278663381158,2.6945857840573684,-25.2 (14.1),
Appendix Figure S11,E-2: Biden and Fauci,Independent,DIM,-8.551249464926983,8.698704514430094,0.32631700876319425,-25.664321953402986,8.561823023549021,-8.6 (8.7),
Appendix Figure S11,E-2: Biden and Fauci,Lean Republican,DIM,-20.362593992418006,12.27460847459426,0.09963902906970518,-44.65556755822499,3.930379573388973,-20.4 (12.3),
Appendix Figure S11,E-2: Biden and Fauci,Weak Republican,DIM,1.4087798769605704,12.113306563041345,0.9075733657269587,-22.529940033782033,25.347499787703175,1.4 (12.1),
Appendix Figure S11,E-2: Biden and Fauci,Strong Republican,DIM,-9.924752795077245,8.965764926797737,0.26918303061634397,-27.567337155484516,7.717831565330026,-9.9 (9.0),
Appendix Figure S11,E-2: Biden and Fauci,Full sample,DIM,-8.728503195148951,4.014478671824876,0.029835340634874516,-16.60282669784087,-0.8541796924570286,-8.7 (4.0),
Appendix Figure S11,E-2: Biden and Fauci,Strong Democrat,OLS,1.3027170318493484,6.061089146019226,0.8299609467045805,-10.622912379467293,13.22834644316599,1.3 (6.1),
Appendix Figure S11,E-2: Biden and Fauci,Weak Democrat,OLS,-6.103057411663259,6.791928744248378,0.3700998177164837,-19.506638104712163,7.300523281385643,-6.1 (6.8),
Appendix Figure S11,E-2: Biden and Fauci,Lean Democrat,OLS,-11.382216011785298,11.780681587270697,0.33719010803119254,-34.86657554645378,12.102143522883189,-11.4 (11.8),
Appendix Figure S11,E-2: Biden and Fauci,Independent,OLS,-3.2913481711759665,6.399637270330244,0.6074270233478528,-15.886254706839756,9.303558364487822,-3.3 (6.4),
Appendix Figure S11,E-2: Biden and Fauci,Lean Republican,OLS,-1.0186824772799434,9.453580990435322,0.9144162966452374,-19.786413625262163,17.749048670702276,-1.0 (9.5),
Appendix Figure S11,E-2: Biden and Fauci,Weak Republican,OLS,-1.4874423003701416,8.908442870103102,0.8676634943601363,-19.11835636201559,16.143471761275304,-1.5 (8.9),covariate_pre_lucid_race_hispanic_binned
Appendix Figure S11,E-2: Biden and Fauci,Strong Republican,OLS,-21.84838797592951,7.331217379338027,0.0031308660335212244,-36.279023742171155,-7.417752209687861,-21.8 (7.3),covariate_pre_lucid_race_hispanic_binned
Appendix Figure S11,E-2: Biden and Fauci,Full sample,OLS,-5.550017976144163,3.5961274099411287,0.12295666886741702,-12.603867403638116,1.5038314513497888,-5.6 (3.6),
Appendix Figure S12,E-2: Biden,Strong Democrat,DIM,0.7087318061495106,7.6918450153204265,0.9266392883466753,-14.419621453015427,15.837085065314445,0.7 (7.7),
Appendix Figure S12,E-2: Biden,Weak Democrat,DIM,-8.461349907411423,9.311638222966435,0.36468581076287154,-26.830707601733884,9.90800778691104,-8.5 (9.3),
Appendix Figure S12,E-2: Biden,Lean Democrat,DIM,-5.565812244138605,12.1242857045442,0.6472374962087426,-29.635562605872334,18.50393811759513,-5.6 (12.1),
Appendix Figure S12,E-2: Biden,Independent,DIM,-18.481235874228638,8.357697605349458,0.02768904896845227,-34.92123980014609,-2.041231948311184,-18.5 (8.4),
Appendix Figure S12,E-2: Biden,Lean Republican,DIM,-8.75278339238374,13.64835543373551,0.5224700156613973,-35.75838643734184,18.25281965257436,-8.8 (13.6),
Appendix Figure S12,E-2: Biden,Weak Republican,DIM,-4.233740535019127,11.744560315688348,0.7189627420835413,-27.429202679122756,18.9617216090845,-4.2 (11.7),
Appendix Figure S12,E-2: Biden,Strong Republican,DIM,-20.597610242309877,8.41426159872409,0.014948180278366148,-37.15696733301304,-4.038253151606713,-20.6 (8.4),
Appendix Figure S12,E-2: Biden,Full sample,DIM,-13.202392647108885,4.051363437290903,0.0011430997203891995,-21.149080675677233,-5.2557046185405385,-13.2 (4.1),
Appendix Figure S12,E-2: Biden,Strong Democrat,OLS,3.068011988333074,5.235595964483474,0.5582972495729532,-7.232771490202502,13.368795466868653,3.1 (5.2),
Appendix Figure S12,E-2: Biden,Weak Democrat,OLS,-13.565881149904849,6.787046987075971,0.04735705748743488,-26.971582808068906,-0.1601794917407917,-13.6 (6.8),
Appendix Figure S12,E-2: Biden,Lean Democrat,OLS,4.260813581011624,9.616007359780678,0.6590067060328733,-14.903861449566957,23.425488611590207,4.3 (9.6),covariate_pre_lucid_race_hispanic_binned
Appendix Figure S12,E-2: Biden,Independent,OLS,-13.318964764049568,7.150639178219495,0.06347308889404574,-27.38961167867067,0.7516821505715338,-13.3 (7.2),
Appendix Figure S12,E-2: Biden,Lean Republican,OLS,-1.3766598852243555,11.530393748302435,0.9052076223070333,-24.2583510163986,21.50503124594989,-1.4 (11.5),
Appendix Figure S12,E-2: Biden,Weak Republican,OLS,0.4429249217142593,9.73317940480736,0.9637738010028355,-18.814408910658482,19.700258754087006,0.4 (9.7),
Appendix Figure S12,E-2: Biden,Strong Republican,OLS,-23.200158470866235,6.705924809516725,6.270707665247657e-4,-36.401841915020746,-9.998475026711716,-23.2 (6.7),covariate_pre_lucid_race_hispanic_binned
Appendix Figure S12,E-2: Biden,Full sample,OLS,-9.682095467939988,3.6166708111833548,0.007506249319095614,-16.776255701182492,-2.587935234697483,-9.7 (3.6),
Appendix Figure S13,E-2: Obama,Strong Democrat,DIM,-0.6262764743964463,7.57225776866291,0.934128649345433,-15.51542812619561,14.26287517740272,-0.6 (7.6),
Appendix Figure S13,E-2: Obama,Weak Democrat,DIM,-17.150540892587504,9.069293226236411,0.06017975897541301,-35.04307693200336,0.7419951468283503,-17.2 (9.1),
Appendix Figure S13,E-2: Obama,Lean Democrat,DIM,-8.147800437989094,12.258576924093402,0.5077525903145359,-32.45979651749082,16.164195641512638,-8.1 (12.3),
Appendix Figure S13,E-2: Obama,Independent,DIM,-13.994403321161759,8.39525901303178,0.0964496465831179,-30.507764135043956,2.5189574927204417,-14.0 (8.4),
Appendix Figure S13,E-2: Obama,Lean Republican,DIM,-35.43765579910822,11.910738739853624,0.003574425957155227,-59.03273750596091,-11.842574092255528,-35.4 (11.9),
Appendix Figure S13,E-2: Obama,Weak Republican,DIM,-17.38410397862465,11.893377482296538,0.14587124299483015,-40.87932916697461,6.111121209725301,-17.4 (11.9),
Appendix Figure S13,E-2: Obama,Strong Republican,DIM,-10.852217506334659,8.430171094445885,0.1988977376307014,-27.43643033346494,5.7319953207956225,-10.9 (8.4),
Appendix Figure S13,E-2: Obama,Full sample,DIM,-13.442485812622037,3.9625804799561815,7.097200595796873e-4,-21.214840232151293,-5.670131393092781,-13.4 (4.0),
Appendix Figure S13,E-2: Obama,Strong Democrat,OLS,-4.299435999554472,5.401894646025038,0.4266269760043545,-14.92401205244982,6.325140053340875,-4.3 (5.4),
Appendix Figure S13,E-2: Obama,Weak Democrat,OLS,-27.29947989114337,8.898610448720037,0.002545406254587924,-44.87768045581747,-9.721279326469265,-27.3 (8.9),
Appendix Figure S13,E-2: Obama,Lean Democrat,OLS,-5.988435329070198,9.61047869756337,0.5351507752210236,-25.14209175173967,13.165221093599271,-6.0 (9.6),
Appendix Figure S13,E-2: Obama,Independent,OLS,-9.68710029573229,6.15074505229974,0.11629182905725072,-21.789742258390042,2.415541666925462,-9.7 (6.2),
Appendix Figure S13,E-2: Obama,Lean Republican,OLS,-22.999570984128486,7.7258953746812296,0.003802890815045903,-38.36336121226249,-7.635780755994478,-23.0 (7.7),
Appendix Figure S13,E-2: Obama,Weak Republican,OLS,-4.195780123476391,9.780000864244304,0.6686106993663934,-23.541588507054932,15.15002826010215,-4.2 (9.8),covariate_pre_lucid_race_hispanic_binned
Appendix Figure S13,E-2: Obama,Strong Republican,OLS,-18.80009950917071,7.001677836503939,0.007647833141343117,-32.577807591356,-5.022391426985415,-18.8 (7.0),covariate_pre_lucid_race_hispanic_binned
Appendix Figure S13,E-2: Obama,Full sample,OLS,-10.865337878007912,3.514959843108144,0.002028550697441033,-17.75981739380913,-3.9708583622066946,-10.9 (3.5),
Appendix Figure S14,E-2: James,Strong Democrat,DIM,-2.8448134520718953,8.014905401573298,0.7228474402582508,-18.608093072031537,12.918466167887747,-2.8 (8.0),
Appendix Figure S14,E-2: James,Weak Democrat,DIM,-2.444529408147197,6.870326999414456,0.7223402046243568,-15.98817535978196,11.099116543487566,-2.4 (6.9),
Appendix Figure S14,E-2: James,Lean Democrat,DIM,-8.602409485997219,12.496927652112706,0.49277235173935297,-33.38711801826029,16.182299046265854,-8.6 (12.5),
Appendix Figure S14,E-2: James,Independent,DIM,-6.211807576634307,8.586653244024973,0.46991564325084745,-23.10146027813803,10.677845124869418,-6.2 (8.6),
Appendix Figure S14,E-2: James,Lean Republican,DIM,0.5251066471514948,13.610378609739582,0.9692852419864766,-26.40943250348502,27.459645797788014,0.5 (13.6),
Appendix Figure S14,E-2: James,Weak Republican,DIM,-3.336722821163303,11.516492073748145,0.7723746729983039,-26.071434976416246,19.397989334089644,-3.3 (11.5),
Appendix Figure S14,E-2: James,Strong Republican,DIM,-9.868095463779737,8.83790815401233,0.26501560879003105,-27.255634294227786,7.519443366668314,-9.9 (8.8),
Appendix Figure S14,E-2: James,Full sample,DIM,-5.767417041969389,3.9015142525708577,0.1395335927152434,-13.419919830634925,1.8850857466961455,-5.8 (3.9),
Appendix Figure S14,E-2: James,Strong Democrat,OLS,-4.947451804853502,5.5983499242495895,0.37750124977238586,-15.961543035269093,6.066639425562088,-4.9 (5.6),
Appendix Figure S14,E-2: James,Weak Democrat,OLS,2.057388556721196,5.682417128021587,0.7177302382151792,-9.155332069840675,13.270109183283067,2.1 (5.7),
Appendix Figure S14,E-2: James,Lean Democrat,OLS,19.161037093039603,11.023251283127149,0.08638523959885415,-2.808271032194459,41.13034521827367,19.2 (11.0),
Appendix Figure S14,E-2: James,Independent,OLS,-0.331611030186698,7.146292839186931,0.9630187449664569,-14.39298504106698,13.729762980693582,-0.3 (7.1),
Appendix Figure S14,E-2: James,Lean Republican,OLS,11.324040837529074,7.868037071396239,0.15333355159858175,-4.2938893116695604,26.941970986727704,11.3 (7.9),
Appendix Figure S14,E-2: James,Weak Republican,OLS,-5.116131708798174,9.696240192024591,0.5985899219829065,-24.287321827776985,14.055058410180635,-5.1 (9.7),
Appendix Figure S14,E-2: James,Strong Republican,OLS,-14.147250744305392,7.235185734042029,0.05147419782643807,-28.385587411527375,0.09108592291658946,-14.1 (7.2),covariate_pre_lucid_race_hispanic_binned
Appendix Figure S14,E-2: James,Full sample,OLS,-3.0205928275360048,3.527886151077395,0.3920127503592886,-9.940357206300403,3.8991715512283935,-3.0 (3.5),
Appendix Figure S15,E-2: Ramos,Strong Democrat,DIM,8.49804982543027,6.969318789688995,0.22348752457563936,-5.206392132561892,22.202491783422428,8.5 (7.0),
Appendix Figure S15,E-2: Ramos,Weak Democrat,DIM,-17.34688561930895,9.889835568294812,0.08111169482648402,-36.8603627065817,2.166591467963794,-17.3 (9.9),
Appendix Figure S15,E-2: Ramos,Lean Democrat,DIM,-13.650633202775644,12.915164734234164,0.2930577009351482,-39.270845894354856,11.969579488803564,-13.7 (12.9),
Appendix Figure S15,E-2: Ramos,Independent,DIM,-14.64331135345657,8.505869013202764,0.08603904211534452,-31.37269044931912,2.0860677424059784,-14.6 (8.5),
Appendix Figure S15,E-2: Ramos,Lean Republican,DIM,-4.735989483830784,14.313363527238096,0.7413035916393789,-33.07072218308616,23.598743215424594,-4.7 (14.3),
Appendix Figure S15,E-2: Ramos,Weak Republican,DIM,-9.419397301037566,11.797771663350382,0.4258340648520843,-32.72108258898812,13.882287986912983,-9.4 (11.8),
Appendix Figure S15,E-2: Ramos,Strong Republican,DIM,-12.277957949400092,9.00556662168599,0.17381843040035186,-30.002259881620258,5.446343982820073,-12.3 (9.0),
Appendix Figure S15,E-2: Ramos,Full sample,DIM,-8.792582296560084,4.012402175606737,0.028571583593802966,-16.66275972645369,-0.9224048666664777,-8.8 (4.0),
Appendix Figure S15,E-2: Ramos,Strong Democrat,OLS,10.904656397550903,4.464897668096986,0.015102477024081231,2.1223556781889767,19.68695711691283,10.9 (4.5),
Appendix Figure S15,E-2: Ramos,Weak Democrat,OLS,-15.348471557175847,7.777387371555854,0.05025473802303041,-30.71420856142587,0.017265447074174545,-15.3 (7.8),
Appendix Figure S15,E-2: Ramos,Lean Democrat,OLS,-15.795272425221452,7.689879483457234,0.04365558267560636,-31.128456620793145,-0.46208822964975693,-15.8 (7.7),
Appendix Figure S15,E-2: Ramos,Independent,OLS,-10.800419693395193,6.933742787400473,0.12030829424586977,-24.442225446432587,2.8413860596421996,-10.8 (6.9),
Appendix Figure S15,E-2: Ramos,Lean Republican,OLS,-2.6879044920434754,8.789578647276967,0.7604433796071257,-20.14476637516608,14.76895739107913,-2.7 (8.8),
Appendix Figure S15,E-2: Ramos,Weak Republican,OLS,-8.225537383316054,7.9425390164176175,0.30232704017180745,-23.94120780880116,7.490133042169053,-8.2 (7.9),
Appendix Figure S15,E-2: Ramos,Strong Republican,OLS,-24.14751977036882,7.202613900301526,9.155053230147902e-4,-38.32818428827274,-9.966855252464901,-24.1 (7.2),covariate_pre_lucid_race_hispanic_binned
Appendix Figure S15,E-2: Ramos,Full sample,OLS,-5.539747588791609,3.5587212300353244,0.11975320284024776,-12.520156798546683,1.4406616209634662,-5.5 (3.6),
Appendix Figure S16,G-1: Less restrictive mask guidance,Strong Democrat,DIM,5.242540176813339,1.4385416820854144,2.6988817244650784e-4,2.4225949597874923,8.062485393839186,5.2 (1.4),
Appendix Figure S16,G-1: Less restrictive mask guidance,Weak Democrat,DIM,2.9431308571925694,2.1766651754982305,0.17641640790005383,-1.3244426392887723,7.21070435367391,2.9 (2.2),
Appendix Figure S16,G-1: Less restrictive mask guidance,Lean Democrat,DIM,9.445409814175957,2.739905596623765,5.754249706022753e-4,4.072705828696171,14.818113799655741,9.4 (2.7),
Appendix Figure S16,G-1: Less restrictive mask guidance,Independent,DIM,6.645821151780126,1.723436476174605,1.1650195888324305e-4,3.2672055615493503,10.024436742010904,6.6 (1.7),
Appendix Figure S16,G-1: Less restrictive mask guidance,Lean Republican,DIM,12.356049105538897,2.659917410882475,3.5797059953674883e-6,7.140076288815907,17.57202192226189,12.4 (2.7),
Appendix Figure S16,G-1: Less restrictive mask guidance,Weak Republican,DIM,4.500796765672321,2.3092199442178782,0.05137427415473311,-0.026867538655629686,9.028461070000272,4.5 (2.3),
Appendix Figure S16,G-1: Less restrictive mask guidance,Strong Republican,DIM,4.640347427843623,1.6657092495543036,0.005356693078777539,1.3749391292334865,7.905755726453759,4.6 (1.7),
Appendix Figure S16,G-1: Less restrictive mask guidance,Full sample,DIM,5.960099913507569,0.7406825931679651,8.804557067254038e-16,4.508331561389535,7.4118682656256025,6.0 (0.7),
Appendix Figure S16,G-1: Less restrictive mask guidance,Strong Democrat,OLS,5.282485842385633,1.3553485675776482,9.803673141082029e-5,2.625620741916412,7.939350942854853,5.3 (1.4),
Appendix Figure S16,G-1: Less restrictive mask guidance,Weak Democrat,OLS,3.6052278541363663,2.0513043990866464,0.07891049973649163,-0.41657372424973926,7.627029432522472,3.6 (2.1),
Appendix Figure S16,G-1: Less restrictive mask guidance,Lean Democrat,OLS,8.778716280807044,2.6900730113179003,0.0011158691265032005,3.5036987209913084,14.053733840622781,8.8 (2.7),
Appendix Figure S16,G-1: Less restrictive mask guidance,Independent,OLS,6.580429047545539,1.6844036934992832,9.46988862362196e-5,3.278329142545854,9.882528952545222,6.6 (1.7),
Appendix Figure S16,G-1: Less restrictive mask guidance,Lean Republican,OLS,11.493177083307598,2.6061086891107967,1.0794216190051431e-5,6.382687996592211,16.603666170022986,11.5 (2.6),
Appendix Figure S16,G-1: Less restrictive mask guidance,Weak Republican,OLS,5.218872527665911,2.2119607027494514,0.01836415494488797,0.8818885609058074,9.555856494426015,5.2 (2.2),
Appendix Figure S16,G-1: Less restrictive mask guidance,Strong Republican,OLS,4.927798766893745,1.5847714533181214,0.001883322602049894,1.8210552470049817,8.034542286782509,4.9 (1.6),
Appendix Figure S16,G-1: Less restrictive mask guidance,Full sample,OLS,5.982114960867598,0.7187027164967242,8.890718314560648e-17,4.573428013444823,7.390801908290373,6.0 (0.7),
Appendix Figure S17,G-3: More restrictive mask guidance,Strong Democrat,DIM,1.359871015261164,1.1778084150735606,0.2482952541998711,-0.9489125573053252,3.668654587827653,1.4 (1.2),
Appendix Figure S17,G-3: More restrictive mask guidance,Weak Democrat,DIM,-1.5622914711056126,1.9956652857386865,0.4337649465122846,-5.47488084769381,2.3502979054825843,-1.6 (2.0),
Appendix Figure S17,G-3: More restrictive mask guidance,Lean Democrat,DIM,5.881683969919789,2.668699510400294,0.027609330494980103,0.6488540491642054,11.11451389067537,5.9 (2.7),
Appendix Figure S17,G-3: More restrictive mask guidance,Independent,DIM,0.11760306446453835,1.9913452048023847,0.9529086350479289,-3.7861640189811716,4.021370147910248,0.1 (2.0),
Appendix Figure S17,G-3: More restrictive mask guidance,Lean Republican,DIM,5.9861893535072035,3.022233374885645,0.04773472418877568,0.05979181822433899,11.912586888790068,6.0 (3.0),
Appendix Figure S17,G-3: More restrictive mask guidance,Weak Republican,DIM,-3.0138338416078323,2.560826631776362,0.2393233708230874,-8.03485975972853,2.0071920765128652,-3.0 (2.6),
Appendix Figure S17,G-3: More restrictive mask guidance,Strong Republican,DIM,2.453567027494905,1.9486809607024425,0.20804789312424551,-1.3665719307394175,6.273705985729228,2.5 (1.9),
Appendix Figure S17,G-3: More restrictive mask guidance,Full sample,DIM,1.168375200610324,0.8056292727762491,0.1469944112306702,-0.4106871790242309,2.747437580244879,1.2 (0.8),
Appendix Figure S17,G-3: More restrictive mask guidance,Strong Democrat,OLS,1.064846581733598,1.1338840204210008,0.34769830137567515,-1.157835841628918,3.287529005096114,1.1 (1.1),
Appendix Figure S17,G-3: More restrictive mask guidance,Weak Democrat,OLS,-1.4590612169700872,1.9414061935527966,0.4523660913065045,-5.265282138164433,2.347159704224258,-1.5 (1.9),
Appendix Figure S17,G-3: More restrictive mask guidance,Lean Democrat,OLS,6.271174477705385,2.498306748669902,0.012124254973501872,1.3724287133082054,11.169920242102565,6.3 (2.5),
Appendix Figure S17,G-3: More restrictive mask guidance,Independent,OLS,0.7098067303724311,1.8552978839352456,0.7020423373345395,-2.927261781711589,4.346875242456451,0.7 (1.9),
Appendix Figure S17,G-3: More restrictive mask guidance,Lean Republican,OLS,7.9196314364220655,2.7288380763840587,0.003739052317739536,2.568528538436804,13.270734334407328,7.9 (2.7),
Appendix Figure S17,G-3: More restrictive mask guidance,Weak Republican,OLS,-1.6200719509747743,2.429600623714619,0.5049446735507548,-6.383820545836789,3.1436766438872414,-1.6 (2.4),
Appendix Figure S17,G-3: More restrictive mask guidance,Strong Republican,OLS,2.7897369984919376,1.8123949128068813,0.12379683529779127,-0.763234609388086,6.342708606371961,2.8 (1.8),
Appendix Figure S17,G-3: More restrictive mask guidance,Full sample,OLS,1.5402564883122034,0.7429736890122256,0.03817102345161926,0.08400124032576957,2.996511736298637,1.5 (0.7),
Appendix Figure S18,I-1: Contagiousness,Strong Democrat,DIM,-11.315834986749245,5.395035932817057,0.03619394593969726,-21.90220776578564,-0.7294622077128499,-11.3 (5.4),
Appendix Figure S18,I-1: Contagiousness,Weak Democrat,DIM,-0.5926701099738202,4.946650585883248,0.9046610658566706,-10.30224113606085,9.116900916113211,-0.6 (4.9),
Appendix Figure S18,I-1: Contagiousness,Lean Democrat,DIM,-6.41745545116742,6.517488735325461,0.32520795205360964,-19.21834991166837,6.3834390093335305,-6.4 (6.5),
Appendix Figure S18,I-1: Contagiousness,Independent,DIM,3.0702325407637456,2.53685789601562,0.22629739531035445,-1.9043269255845647,8.044792007112056,3.1 (2.5),
Appendix Figure S18,I-1: Contagiousness,Lean Republican,DIM,-0.06264288438035237,3.755902303445939,0.9866967129039114,-7.433805235408834,7.3085194666481295,-0.1 (3.8),
Appendix Figure S18,I-1: Contagiousness,Weak Republican,DIM,0.8246552220123788,4.132726984498845,0.841882778462038,-7.286104808201582,8.935415252226338,0.8 (4.1),
Appendix Figure S18,I-1: Contagiousness,Strong Republican,DIM,-1.475077750174967,2.2755769072610286,0.5169209362413132,-5.93800130919269,2.987845808842756,-1.5 (2.3),
Appendix Figure S18,I-1: Contagiousness,Full sample,DIM,-1.0396019733445738,1.402286406987955,0.4584940327079795,-3.7884170585834114,1.7092131118942637,-1.0 (1.4),
Appendix Figure S18,I-1: Contagiousness,Strong Democrat,OLS,-9.686530760823983,4.538043548064734,0.033040249994087806,-18.59158300951841,-0.7814785121295562,-9.7 (4.5),
Appendix Figure S18,I-1: Contagiousness,Weak Democrat,OLS,-0.6140211992910001,4.3044333789592155,0.8866040757922449,-9.06348437014977,7.835441971567771,-0.6 (4.3),
Appendix Figure S18,I-1: Contagiousness,Lean Democrat,OLS,-2.1027190432195475,5.678280417863952,0.7112955205734588,-13.25662380815637,9.051185721717275,-2.1 (5.7),
Appendix Figure S18,I-1: Contagiousness,Independent,OLS,1.8307823417418823,2.2861428078082566,0.42331459942783833,-2.6521737527480207,6.313738436231786,1.8 (2.3),
Appendix Figure S18,I-1: Contagiousness,Lean Republican,OLS,1.971669260375341,2.9508707649557877,0.504201947099189,-3.819833828597572,7.763172349348254,2.0 (3.0),
Appendix Figure S18,I-1: Contagiousness,Weak Republican,OLS,-0.782376806471951,3.673207662098539,0.8313796699121005,-7.991624515608361,6.426870902664458,-0.8 (3.7),
Appendix Figure S18,I-1: Contagiousness,Strong Republican,OLS,-0.5596906649714196,1.9750353871552087,0.776915305994518,-4.433225871224467,3.313844541281627,-0.6 (2.0),
Appendix Figure S18,I-1: Contagiousness,Full sample,OLS,-0.9569165315850553,1.284222813696647,0.45621175024765703,-3.474300263556381,1.5604672003862703,-1.0 (1.3),
Appendix Figure S19,I-2: Delta Variant,Strong Democrat,DIM,-1.7880141624790666,5.421985014276751,0.7416389251455562,-12.427220282169817,8.851191957211684,-1.8 (5.4),
Appendix Figure S19,I-2: Delta Variant,Weak Democrat,DIM,6.54307546457039,5.9484904100072615,0.2716715374997788,-5.132839478125424,18.218990407266205,6.5 (5.9),
Appendix Figure S19,I-2: Delta Variant,Lean Democrat,DIM,-0.8893784511389202,7.195093426581052,0.9016672343500535,-15.0206891600709,13.24193225779306,-0.9 (7.2),
Appendix Figure S19,I-2: Delta Variant,Independent,DIM,1.143586353131175,2.937465841347824,0.6970795603856526,-4.616525158118046,6.903697864380395,1.1 (2.9),
Appendix Figure S19,I-2: Delta Variant,Lean Republican,DIM,-4.0807623506977615,3.927509683549967,0.29906857288097854,-11.788691340292983,3.627166638897461,-4.1 (3.9),
Appendix Figure S19,I-2: Delta Variant,Weak Republican,DIM,4.04489505665981,4.5187106898586595,0.37094624457282854,-4.82337154919766,12.91316166251728,4.0 (4.5),
Appendix Figure S19,I-2: Delta Variant,Strong Republican,DIM,3.9532282246981882,2.892002014905786,0.17180348892876557,-1.7186373192970665,9.625093768693443,4.0 (2.9),
Appendix Figure S19,I-2: Delta Variant,Full sample,DIM,1.5420427879167882,1.6098143801360987,0.3381393358418169,-1.6135749401482995,4.697660515981876,1.5 (1.6),
Appendix Figure S19,I-2: Delta Variant,Strong Democrat,OLS,-3.9261400953355334,4.5845441531899205,0.39198615697226824,-12.92239857786251,5.070118387191442,-3.9 (4.6),
Appendix Figure S19,I-2: Delta Variant,Weak Democrat,OLS,6.014871382535867,5.13602692909209,0.24190309649396188,-4.066866658433024,16.096609423504756,6.0 (5.1),
Appendix Figure S19,I-2: Delta Variant,Lean Democrat,OLS,4.609002333623775,6.35308734569212,0.46846626737557506,-7.869984712774439,17.08798938002199,4.6 (6.4),
Appendix Figure S19,I-2: Delta Variant,Independent,OLS,1.465296323974839,2.6229966644393294,0.5764617935904156,-3.6782000392092757,6.608792687158954,1.5 (2.6),
Appendix Figure S19,I-2: Delta Variant,Lean Republican,OLS,-3.4088962522396846,3.045700400490018,0.26333636278506045,-9.386497598138678,2.5687050936593083,-3.4 (3.0),
Appendix Figure S19,I-2: Delta Variant,Weak Republican,OLS,7.62706477898777,3.8310574518736638,0.04680509119185132,0.10802373399798615,15.146105823977555,7.6 (3.8),
Appendix Figure S19,I-2: Delta Variant,Strong Republican,OLS,2.652909540506931,2.406945177442026,0.27052253616695043,-2.0677014155287203,7.373520496542582,2.7 (2.4),
Appendix Figure S19,I-2: Delta Variant,Full sample,OLS,1.642129823306598,1.4287600291765388,0.2504479204749783,-1.1585799975299516,4.442839644143148,1.6 (1.4),
Appendix Figure S20,I-3: Bivalent Booster - Adult,Strong Democrat,DIM,6.30992899064437,2.545176753738339,0.013239765753456098,1.31885568209437,11.301002299194371,6.3 (2.5),
Appendix Figure S20,I-3: Bivalent Booster - Adult,Weak Democrat,DIM,15.680512276969836,3.830382192352043,4.474820828364093e-5,8.166944037675345,23.194080516264325,15.7 (3.8),
Appendix Figure S20,I-3: Bivalent Booster - Adult,Lean Democrat,DIM,12.28781407339252,4.515233555394809,0.006611049683916427,3.4276053307634906,21.14802281602155,12.3 (4.5),
Appendix Figure S20,I-3: Bivalent Booster - Adult,Independent,DIM,6.134136155101191,3.763981169300412,0.10335328359490892,-1.2484374894197556,13.51670979962214,6.1 (3.8),
Appendix Figure S20,I-3: Bivalent Booster - Adult,Lean Republican,DIM,8.550807759650116,4.803913901776558,0.07541065580946754,-0.8770667278830067,17.978682247183237,8.6 (4.8),
Appendix Figure S20,I-3: Bivalent Booster - Adult,Weak Republican,DIM,10.08807287187342,3.9732412529704995,0.011228019743659267,2.293695688808105,17.882450054938737,10.1 (4.0),
Appendix Figure S20,I-3: Bivalent Booster - Adult,Strong Republican,DIM,5.3404589871361265,3.4347025816675107,0.12014761871641151,-1.395727763682511,12.076645737954763,5.3 (3.4),
Appendix Figure S20,I-3: Bivalent Booster - Adult,Full sample,DIM,9.094961066916305,1.4655502624100185,5.642653095585804e-10,6.222209614192712,11.967712519639898,9.1 (1.5),
Appendix Figure S20,I-3: Bivalent Booster - Adult,Strong Democrat,OLS,4.63554518568954,2.3395665864977415,0.04766998985485676,0.047640206939206925,9.223450164439873,4.6 (2.3),
Appendix Figure S20,I-3: Bivalent Booster - Adult,Weak Democrat,OLS,17.114558304511263,3.5475671432860505,1.5533434750347661e-6,10.155633658465584,24.07348295055694,17.1 (3.5),
Appendix Figure S20,I-3: Bivalent Booster - Adult,Lean Democrat,OLS,12.524418222772724,3.795993203677867,0.0010035408144829722,5.075301229942306,19.973535215603142,12.5 (3.8),
Appendix Figure S20,I-3: Bivalent Booster - Adult,Independent,OLS,4.7929344178882465,3.2815386231794106,0.14432193724725728,-1.6434730747939206,11.229341910570414,4.8 (3.3),
Appendix Figure S20,I-3: Bivalent Booster - Adult,Lean Republican,OLS,7.858497499141497,4.170957707830851,0.05987658248252887,-0.32753684919680365,16.0445318474798,7.9 (4.2),
Appendix Figure S20,I-3: Bivalent Booster - Adult,Weak Republican,OLS,9.73806967327436,3.503347713333859,0.00551880262212722,2.8653515771569324,16.610787769391788,9.7 (3.5),
Appendix Figure S20,I-3: Bivalent Booster - Adult,Strong Republican,OLS,5.5253551017576195,3.150512951835041,0.07962946840477103,-0.6535382245510049,11.704248428066244,5.5 (3.2),
Appendix Figure S20,I-3: Bivalent Booster - Adult,Full sample,OLS,8.323766581825888,1.3249847371647212,3.469458715945696e-10,5.72654885145828,10.920984312193497,8.3 (1.3),
Appendix Figure S21,I-4: Bivalent Booster - Child,Strong Democrat,DIM,13.388407399491689,5.664284774187394,0.018536485780383062,2.2554949537870947,24.52131984519628,13.4 (5.7),
Appendix Figure S21,I-4: Bivalent Booster - Child,Weak Democrat,DIM,24.887043449527138,8.540785489689235,0.0038874910390316003,8.067268553867974,41.706818345186306,24.9 (8.5),
Appendix Figure S21,I-4: Bivalent Booster - Child,Lean Democrat,DIM,10.006671226063908,10.589332455017045,0.3459590065024172,-10.890923167360441,30.904265619488257,10.0 (10.6),
Appendix Figure S21,I-4: Bivalent Booster - Child,Independent,DIM,7.086090260688334,9.249792756972997,0.4443230598513006,-11.127954181930804,25.30013470330747,7.1 (9.2),
Appendix Figure S21,I-4: Bivalent Booster - Child,Lean Republican,DIM,21.328518589584665,14.845948549656661,0.15432188404894276,-8.170064952549291,50.82710213171862,21.3 (14.8),
Appendix Figure S21,I-4: Bivalent Booster - Child,Weak Republican,DIM,16.202838085820257,9.951753253236447,0.10507755159817744,-3.421586868678017,35.82726304031853,16.2 (10.0),
Appendix Figure S21,I-4: Bivalent Booster - Child,Strong Republican,DIM,24.312320000317243,9.84642741322058,0.014381717726767695,4.896186967902197,43.72845303273228,24.3 (9.8),
Appendix Figure S21,I-4: Bivalent Booster - Child,Full sample,DIM,15.531575326469206,3.5878319323166084,1.5896561569513237e-5,8.49430916001095,22.56884149292746,15.5 (3.6),
Appendix Figure S21,I-4: Bivalent Booster - Child,Strong Democrat,OLS,11.25570399318383,4.647436810009474,0.015879306383964745,2.1194570037273013,20.39195098264036,11.3 (4.6),
Appendix Figure S21,I-4: Bivalent Booster - Child,Weak Democrat,OLS,25.102233150616115,7.24230494642311,6.291378314953642e-4,10.83314023041325,39.37132607081898,25.1 (7.2),covariate_pre_lucid_race_hispanic_binned
Appendix Figure S21,I-4: Bivalent Booster - Child,Lean Democrat,OLS,-2.268699202776714,7.505986922098691,0.7628872322410625,-17.102280574360815,12.564882168807387,-2.3 (7.5),
Appendix Figure S21,I-4: Bivalent Booster - Child,Independent,OLS,10.709068879506207,7.334036725609057,0.14560312724677188,-3.7414167073276134,25.15955446634003,10.7 (7.3),
Appendix Figure S21,I-4: Bivalent Booster - Child,Lean Republican,OLS,16.439249037046004,13.144678194032142,0.21584216421981825,-9.845159496909348,42.72365757100135,16.4 (13.1),
Appendix Figure S21,I-4: Bivalent Booster - Child,Weak Republican,OLS,15.539452186962269,8.876222956594985,0.08181508119775253,-1.9831035228649319,33.06200789678947,15.5 (8.9),
Appendix Figure S21,I-4: Bivalent Booster - Child,Strong Republican,OLS,26.273945237668805,8.196474482431281,0.0015982040481855003,10.099179140560818,42.44871133477679,26.3 (8.2),covariate_pre_lucid_race_hispanic_binned
Appendix Figure S21,I-4: Bivalent Booster - Child,Full sample,OLS,16.249807086690254,3.2294380185469507,5.41045822110844e-7,9.915409030966703,22.584205142413804,16.2 (3.2),
Appendix Figure S22,I-5: Vaccince - Child,Strong Democrat,DIM,5.262916757418898,7.71002992229215,0.495324450715833,-9.902930175375523,20.42876369021332,5.3 (7.7),
Appendix Figure S22,I-5: Vaccince - Child,Weak Democrat,DIM,-2.461496075358628,10.197934043598522,0.8094615241945519,-22.544772399436823,17.621780248719567,-2.5 (10.2),
Appendix Figure S22,I-5: Vaccince - Child,Lean Democrat,DIM,11.840598231611306,12.53508904659744,0.3462717173411922,-12.912639986665015,36.593836449887625,11.8 (12.5),
Appendix Figure S22,I-5: Vaccince - Child,Independent,DIM,16.202475664758804,8.802297426771776,0.06663215846275287,-1.1182163800638438,33.52316770958146,16.2 (8.8),
Appendix Figure S22,I-5: Vaccince - Child,Lean Republican,DIM,-7.629799912420925,11.754350149465754,0.5173902558154813,-30.879449193528174,15.619849368686328,-7.6 (11.8),
Appendix Figure S22,I-5: Vaccince - Child,Weak Republican,DIM,13.165734859662079,7.963778018742988,0.09960264230272559,-2.5224252794350117,28.853894998759166,13.2 (8.0),
Appendix Figure S22,I-5: Vaccince - Child,Strong Republican,DIM,-2.5843920921182413,8.20697967331892,0.7530831458529726,-18.743297584690993,13.574513400454508,-2.6 (8.2),
Appendix Figure S22,I-5: Vaccince - Child,Full sample,DIM,6.739162328502947,3.732109731305782,0.07113726293376103,-0.580822499479404,14.059147156485297,6.7 (3.7),
Appendix Figure S22,I-5: Vaccince - Child,Strong Democrat,OLS,5.877500720513354,7.2658009109212465,0.41918373287119604,-8.419570407405939,20.174571848432645,5.9 (7.3),
Appendix Figure S22,I-5: Vaccince - Child,Weak Democrat,OLS,2.6535235355880054,9.006222132507334,0.7685476887786179,-15.094236516853643,20.40128358802965,2.7 (9.0),
Appendix Figure S22,I-5: Vaccince - Child,Lean Democrat,OLS,11.573886122260065,8.81739882536063,0.1915889911483141,-5.867800282968889,29.01557252748902,11.6 (8.8),
Appendix Figure S22,I-5: Vaccince - Child,Independent,OLS,15.179292490748624,7.402965575435529,0.04126651452742914,0.605841521740974,29.752743459756275,15.2 (7.4),
Appendix Figure S22,I-5: Vaccince - Child,Lean Republican,OLS,-2.2450045670766072,8.944647184949165,0.8023229382405838,-19.984602616635122,15.494593482481905,-2.2 (8.9),
Appendix Figure S22,I-5: Vaccince - Child,Weak Republican,OLS,15.1295571148864,5.8458722324647185,0.0103285828935397,3.605124660974371,26.65398956879843,15.1 (5.8),
Appendix Figure S22,I-5: Vaccince - Child,Strong Republican,OLS,-2.4529051079600945,6.908629192111682,0.722859237746515,-16.061066867667726,11.155256651747541,-2.5 (6.9),covariate_pre_lucid_race_hispanic_binned
Appendix Figure S22,I-5: Vaccince - Child,Full sample,OLS,5.733106818649237,3.427430319620025,0.09457035624334995,-0.9893850254317271,12.4555986627302,5.7 (3.4),
