subgroup,estimator,term,estimate,std.error,p.value,conf.low,conf.high,entry,covariates_trimmed
Strong Democrat,DIM,ZTrump,-29.362154528987748,5.636388934424474,2.3672476134620757e-7,-40.42468163308555,-18.29962742488995,-29.4 (5.6),
Weak Democrat,DIM,ZTrump,-31.46550289283583,7.980433031388697,9.569899232317773e-5,-47.15631876869043,-15.77468701698122,-31.5 (8.0),
Lean Democrat,DIM,ZTrump,-19.642949728338042,9.134479051891015,0.03238134442098251,-37.62420030137672,-1.661699155299365,-19.6 (9.1),
Independent,DIM,ZTrump,-5.238519274536665,7.150245716177326,0.4641020145976945,-19.284519262900986,8.807480713827653,-5.2 (7.2),
Lean Republican,DIM,ZTrump,1.350257671958145,11.169802484047091,0.9038912494240923,-20.661613683995387,23.362129027911678,1.4 (11.2),
Weak Republican,DIM,ZTrump,3.017723451356722,7.677107475886675,0.6944756964350568,-12.076213590112692,18.111660492826136,3.0 (7.7),
Strong Republican,DIM,ZTrump,16.17141523055901,5.265356343742102,0.0021897018013141696,5.8388486282906955,26.50398183282732,16.2 (5.3),
Full sample,DIM,ZTrump,-9.48780284984628,2.7923208585207107,6.864687560221267e-4,-14.962452766097146,-4.013152933595419,-9.5 (2.8),
Strong Democrat,OLS,ZTrump,-27.206776661957765,5.042787720445962,8.909803159995815e-8,-37.10473769217001,-17.30881563174552,-27.2 (5.0),
Weak Democrat,OLS,ZTrump,-34.018762450054915,6.6225291832573525,4.625237672528535e-7,-47.04321043875181,-20.994314461358027,-34.0 (6.6),
Lean Democrat,OLS,ZTrump,-18.45229687389448,7.437758977663702,0.013766605322906843,-33.10123739302613,-3.8033563547628213,-18.5 (7.4),
Independent,OLS,ZTrump,-1.2525259909129303,6.096226730552614,0.8372961488377858,-13.229615847982718,10.724563866156858,-1.3 (6.1),
Lean Republican,OLS,ZTrump,-10.601994462281422,10.057204144789717,0.293123386203842,-30.43813676699446,9.234147842431618,-10.6 (10.1),
Weak Republican,OLS,ZTrump,5.752498087191941,6.268450850977472,0.35939871927499134,-6.5751158301082135,18.080112004492094,5.8 (6.3),
Strong Republican,OLS,ZTrump,14.743053492081563,4.362581982165552,7.556539263183107e-4,6.181733546327341,23.304373437835785,14.7 (4.4),
Full sample,OLS,ZTrump,-9.228478251109246,2.576456001364143,3.4562548559522745e-4,-14.27991614075339,-4.177040361465104,-9.2 (2.6),
