activity,version,facet_label,term,estimate,std.error,p.value,conf.low,conf.high
Concert,Friend,Control group mean,(Intercept),0.20415277192885029,0.02274870265303702,1.0352442878208183e-18,0.15952243008625308,0.2487831137714475
Concert,Friend,Average Treatment Effect,ZTreatment,0.006125438101127168,0.030471970895835337,0.8407169711561358,-0.05365706899130447,0.0659079451935588
Concert,Friend,Treatment X 7-pt PID,ZTreatment:pid_7_c,0.007949212131310232,0.01938178247352693,0.6817755459367534,-0.030075619020847093,0.045974043283467554
Concert,Solo,Control group mean,(Intercept),0.17197102690378246,0.019573048160706295,5.0164948634303374e-18,0.13357134619819122,0.2103707076093737
Concert,Solo,Average Treatment Effect,ZTreatment,-0.00663737975567703,0.026549626257770173,0.8026292414094157,-0.05872416576777291,0.045449406256418856
Concert,Solo,Treatment X 7-pt PID,ZTreatment:pid_7_c,0.014162007166218047,0.015168473792065094,0.3506662246113521,-0.01559649266600277,0.043920506998438864
Concert,Pooled,Control group mean,(Intercept),0.18800613657743107,0.015168250037611145,2.7312249680448303e-34,0.15826262132833627,0.21774965182652586
Concert,Pooled,Average Treatment Effect,ZTreatment,0.0012626082018759065,0.020553522030193352,0.951021427244426,-0.03904092018220268,0.04156613658595449
Concert,Pooled,Treatment X 7-pt PID,ZTreatment:pid_7_c,0.013259821072040308,0.012436064079060415,0.2864176326997685,-0.0111261338441214,0.03764577598820201
Restaurant,Friend,Control group mean,(Intercept),0.165264808781842,0.022171469905715366,1.656416689579324e-13,0.12176865255522866,0.2087609650084553
Restaurant,Friend,Average Treatment Effect,ZTreatment,0.056259221343202576,0.03204336703626683,0.07937369199037422,-0.006603696837828327,0.11912213952423348
Restaurant,Friend,Treatment X 7-pt PID,ZTreatment:pid_7_c,-0.0216113842731644,0.019356762422529556,0.26442615269130837,-0.05958562621346748,0.016362857667138676
Restaurant,Solo,Control group mean,(Intercept),0.14151228830577123,0.018872245951210436,1.176145281910393e-13,0.10448962329539283,0.17853495331614963
Restaurant,Solo,Average Treatment Effect,ZTreatment,0.07131159312679655,0.030098913237538855,0.017966966297422046,0.012264991845173628,0.13035819440841948
Restaurant,Solo,Treatment X 7-pt PID,ZTreatment:pid_7_c,0.03902222993395378,0.0187968623792,0.038086249751418964,0.0021474487918252613,0.0758970110760823
Restaurant,Pooled,Control group mean,(Intercept),0.1542206844248349,0.014690358295823215,2.74334242798886e-25,0.12541495457850177,0.183026414271168
Restaurant,Pooled,Average Treatment Effect,ZTreatment,0.060428492574560205,0.02233357143953863,0.006859205997496857,0.016635494988242343,0.10422149016087806
Restaurant,Pooled,Treatment X 7-pt PID,ZTreatment:pid_7_c,0.005945263148883434,0.014033954804072577,0.6718669937736288,-0.021573351620145224,0.03346387791791209
Team,Friend,Control group mean,(Intercept),0.20122208932654392,0.02226931316789696,6.350495239418934e-19,0.1575309698322327,0.24491320882085515
Team,Friend,Average Treatment Effect,ZTreatment,0.059416641458619426,0.03241547540429897,0.06705444454578743,-0.0041806683765038405,0.1230139512937427
Team,Friend,Treatment X 7-pt PID,ZTreatment:pid_7_c,-0.0418703627329544,0.016798197214514258,0.012816947660380265,-0.0748274654623898,-0.00891326000351899
Team,Solo,Control group mean,(Intercept),0.16032847467759032,0.01773387401496163,6.153692315968963e-19,0.12553533235803155,0.19512161699714908
Team,Solo,Average Treatment Effect,ZTreatment,0.04007222666844454,0.027085589096686048,0.13928029375016923,-0.013068601751505517,0.09321305508839459
Team,Solo,Treatment X 7-pt PID,ZTreatment:pid_7_c,-0.00799512952076126,0.01601068794195595,0.6176166747088141,-0.03940745058092765,0.023417191539405132
Team,Pooled,Control group mean,(Intercept),0.17944850528806547,0.014753690604289597,4.4130807465177664e-33,0.15051735713171677,0.20837965344441417
Team,Pooled,Average Treatment Effect,ZTreatment,0.05449123063341013,0.021797260793602453,0.012488027451567244,0.011748041940071778,0.09723441932674848
Team,Pooled,Treatment X 7-pt PID,ZTreatment:pid_7_c,-0.03344874674752826,0.012126789951563757,0.00585474267937729,-0.057228692129303135,-0.00966880136575339
Trip,Friend,Control group mean,(Intercept),0.23768399222047612,0.025742226017442,1.0536715408628252e-19,0.1871824775165737,0.28818550692437855
Trip,Friend,Average Treatment Effect,ZTreatment,0.07407511574309787,0.03561303872257318,0.03772381388286569,0.004208881273706236,0.1439413502124895
Trip,Friend,Treatment X 7-pt PID,ZTreatment:pid_7_c,-0.006858302548462809,0.02105735202285618,0.74470726215247,-0.048168955795271404,0.03445235069834579
Trip,Solo,Control group mean,(Intercept),0.2211857154082542,0.02285957405217397,2.1596194141873738e-21,0.17633764217813955,0.2660337886383689
Trip,Solo,Average Treatment Effect,ZTreatment,0.058021778409509055,0.03406009891098475,0.08872494594935842,-0.008800543244359353,0.12484410006337746
Trip,Solo,Treatment X 7-pt PID,ZTreatment:pid_7_c,-0.009737313539832225,0.020153901360089474,0.6290767667783876,-0.04927714232259303,0.02980251524292858
Trip,Pooled,Control group mean,(Intercept),0.22761511430044523,0.017816340362776687,2.844451101005499e-36,0.1926791204674262,0.2625511081334643
Trip,Pooled,Average Treatment Effect,ZTreatment,0.07213221997502627,0.025417646462229937,0.004577394970190114,0.022290854016976676,0.12197358593307586
Trip,Pooled,Treatment X 7-pt PID,ZTreatment:pid_7_c,-0.007983538020373158,0.015192162534989357,0.5992788259542128,-0.03777379156433344,0.021806715523587122
