subgroup,Z,estimate,std.error,conf.low,conf.high,df
Strong Democrat,Control,0.7852527583891189,0.019571393441035506,0.746852618984201,0.8236528977940368,1136
Strong Democrat,Treat,0.848352048295562,0.01632009533734174,0.8163321535141894,0.8803719430769346,1171
Weak Democrat,Control,0.6241813104837736,0.029832476474499107,0.5656110273611481,0.682751593606399,711
Weak Democrat,Treat,0.780986433253472,0.02414218816830143,0.733593730278986,0.8283791362279579,766
Lean Democrat,Control,0.6418279837170289,0.03279050413693017,0.5774140546007558,0.706241912833302,535
Lean Democrat,Treat,0.7647061244509535,0.03120848681135601,0.7033855896384528,0.8260266592634543,485
Independent,Control,0.519892615328817,0.02662972813612144,0.4676248820186103,0.5721603486390238,850
Independent,Treat,0.581233976879829,0.02667779680771884,0.5288704639193889,0.6335974898402692,834
Lean Republican,Control,0.3703962880971445,0.03259039069288717,0.3063581495461884,0.43443442664810056,478
Lean Republican,Treat,0.4559043656936455,0.035454196597892125,0.38622547849415956,0.5255832528931315,444
Weak Republican,Control,0.4498409584809943,0.02840304766514,0.39407461180696485,0.5056073051550237,693
Weak Republican,Treat,0.5507216871997287,0.02787727998569268,0.49598299298590254,0.6054603814135548,661
Strong Republican,Control,0.38659106315266967,0.024271917569429275,0.3389589883224416,0.43422313798289774,961
Strong Republican,Treat,0.4399956530240307,0.024368376596008715,0.3921728048630594,0.48781850118500203,938
Full sample,Control,0.5521438430423005,0.010553935320693276,0.5314538465395702,0.5728338395450308,5370
Full sample,Treat,0.6430934537114638,0.010173531690375102,0.6231491476181635,0.663037759804764,5305
