experiment,term,estimate,std.error,p.value,conf.low,conf.high,nobs,r.squared
Contagiousness (I-1),(Intercept),0.19722085933437727,0.00904762078864462,1.3712356416244395e-102,0.17948535958817852,0.21495635908057603,8659,0.1648531736906803
Contagiousness (I-1),treat,-0.009569165315850564,0.012842228136966461,0.45621175024765626,-0.034743002635563805,0.015604672003862676,8659,0.1648531736906803
Contagiousness (I-1),pid_7_c,-0.03234171637541957,0.005848907347250719,3.3046275750470624e-8,-0.04380697306510063,-0.020876459685738508,8659,0.1648531736906803
Contagiousness (I-1),treat:pid_7_c,0.007920519816703595,0.007700065127259929,0.3036823086441891,-0.007173448675171104,0.023014488308578294,8659,0.1648531736906803
Delta (I-2),(Intercept),0.2765335679401039,0.010080229111108422,5.98723214314763e-159,0.25677391894989865,0.2962932169303092,8690,0.20741213318852747
Delta (I-2),treat,0.01642129823306597,0.014287600291765398,0.250447920474979,-0.011585799975299547,0.044428396441431484,8690,0.20741213318852747
Delta (I-2),pid_7_c,-0.04469519039884614,0.006159768556475185,4.331450666785923e-13,-0.0567698033064757,-0.03262057749121658,8690,0.20741213318852747
Delta (I-2),treat:pid_7_c,0.00895566434729106,0.008622655375581252,0.29901040236393944,-0.007946793097573209,0.025858121792155332,8690,0.20741213318852747
Adult booster (I-3),(Intercept),0.5561649522517124,0.00967388860368162,0,0.5372023224958048,0.5751275820076199,10677,0.19666313263936375
Adult booster (I-3),treat,0.08323766581825884,0.013249847371647206,3.4694587159457094e-10,0.05726548851458277,0.10920984312193491,10677,0.19666313263936375
Adult booster (I-3),pid_7_c,-0.06146444168771033,0.004691206756657457,6.407310432532175e-39,-0.07066008373811106,-0.0522687996373096,10677,0.19666313263936375
Adult booster (I-3),treat:pid_7_c,2.5282354770734423e-5,0.006424188305544503,0.9968600119328893,-0.012567327433387263,0.012617892142928733,10677,0.19666313263936375
Child booster (I-4),(Intercept),0.5982965283519703,0.024198379229698502,1.727184150931501e-114,0.5508324911219785,0.6457605655819622,1626,0.19771456467502768
Child booster (I-4),treat,0.16249807086690252,0.032294380185469526,5.410458221108533e-7,0.09915409030966696,0.22584205142413807,1626,0.19771456467502768
Child booster (I-4),pid_7_c,-0.05844794307859991,0.012695847641472037,4.479991231124883e-6,-0.08335027969383776,-0.033545606463362056,1626,0.19771456467502768
Child booster (I-4),treat:pid_7_c,0.01940035917683061,0.01661140859950986,0.24302452686896048,-0.013182174914629911,0.051982893268291135,1626,0.19771456467502768
Child vaccine (I-5),(Intercept),0.39137964956716426,0.023819636723149205,2.2857189844963058e-56,0.34466030047238994,0.4380989986619386,1711,0.1464860359340714
Child vaccine (I-5),treat,0.05733106818649247,0.03427430319620029,0.09457035624334964,-0.00989385025431723,0.12455598662730218,1711,0.1464860359340714
Child vaccine (I-5),pid_7_c,-0.05635268571229452,0.011366480873984917,7.850966672541351e-7,-0.07864666920595079,-0.034058702218638257,1711,0.1464860359340714
Child vaccine (I-5),treat:pid_7_c,-7.669140107118261e-4,0.016563892515740104,0.9630763735248926,-0.03325499457237331,0.031721166550949656,1711,0.1464860359340714
