endorser,term,estimate,std.error,p.value,conf.low,conf.high,nobs,r.squared
Trump,(Intercept),0.6533186556307073,0.017995721916420376,1.261675352716357e-246,0.6180359760538099,0.6886013352076048,3680,0.1787955913765512
Trump,treat,-0.09228478251109223,0.025764560013641382,3.456254855952313e-4,-0.14279916140753357,-0.0417704036146509,3680,0.1787955913765512
Trump,pid_7_c,-0.007658748049888772,0.008001246658565378,0.3385326348191269,-0.02334611104544,0.008028614945662456,3680,0.1787955913765512
Trump,treat:pid_7_c,0.06904571016514698,0.011318734857361665,1.1705242248516107e-9,0.04685403055135191,0.09123738977894204,3680,0.1787955913765512
Fauci,(Intercept),0.6500155861307624,0.017538500365368713,2.6529373788742176e-255,0.6156292947428225,0.6844018775187023,3665,0.20214748356196255
Fauci,treat,0.05467182529748348,0.023913308330907778,0.022296910905408085,0.007786973617693982,0.10155667697727298,3665,0.20214748356196255
Fauci,pid_7_c,-0.007658748049888756,0.00800139935174113,0.33854211384067434,-0.023346431938958814,0.008028935839181302,3665,0.20214748356196255
Fauci,treat:pid_7_c,-0.012791842143253357,0.010743995288995112,0.23388697008879464,-0.03385670772363918,0.008273023437132472,3665,0.20214748356196255
Trump and Fauci,(Intercept),0.6520144259367627,0.017708569832221365,4.7366849330004964e-253,0.6172948815659226,0.6867339703076029,3725,0.1764363294042125
Trump and Fauci,treat,-0.03498540358359161,0.02536359204054486,0.16786881761543215,-0.08471343738862994,0.014742630221446715,3725,0.1764363294042125
Trump and Fauci,pid_7_c,-0.007658748049888793,0.008000796008477024,0.3385046578218758,-0.023345163985800298,0.008027667886022714,3725,0.1764363294042125
Trump and Fauci,treat:pid_7_c,0.02221016936848968,0.011505040808171055,0.0536247867755066,-3.4669313436523283e-4,0.04476703187134459,3725,0.1764363294042125
Spiritual leader,(Intercept),0.6522798246562632,0.017914153986695686,7.504851657214198e-248,0.6171570619719846,0.6874025873405418,3678,0.1656229297793398
Spiritual leader,treat,-0.04715338049905391,0.02537182137346625,0.0631794560395413,-0.09689775925285825,0.0025909982547504262,3678,0.1656229297793398
Spiritual leader,pid_7_c,-0.007658748049888786,0.00800126694519211,0.33853389420152125,-0.023346153678882257,0.008028657579104688,3678,0.1656229297793398
Spiritual leader,treat:pid_7_c,0.021650481865726753,0.011242876648281871,0.054218739518786675,-3.9247303459892524e-4,0.04369343676605243,3678,0.1656229297793398
Health Insurance,(Intercept),0.6499971060091327,0.017763241258606163,1.7858467763168135e-250,0.6151703971694156,0.6848238148488499,3733,0.16983063201353754
Health Insurance,treat,0.03303738564584019,0.0245977128872201,0.17931939604876165,-0.01518902598560283,0.08126379727728321,3733,0.16983063201353754
Health Insurance,pid_7_c,-0.007658748049888745,0.008000717038203747,0.3384997550592471,-0.02334499802768982,0.00802750192791233,3733,0.16983063201353754
Health Insurance,treat:pid_7_c,0.008243776984903101,0.010857407320667046,0.4477354020148312,-0.013043315725605718,0.02953086969541192,3733,0.16983063201353754
Pharmacy,(Intercept),0.6452660176981435,0.017847791564852986,2.181686194328118e-245,0.6102735452508882,0.6802584901453989,3735,0.16978527663326304
Pharmacy,treat,0.03890682972563538,0.024760905010945827,0.11619827798825655,-0.009639528697268245,0.087453188148539,3735,0.16978527663326304
Pharmacy,pid_7_c,-0.007658748049888787,0.008000697348857909,0.33849853266466,-0.02334495665006444,0.008027460550286865,3735,0.16978527663326304
Pharmacy,treat:pid_7_c,-0.006297262484588469,0.010933651632707386,0.564682400883328,-0.027733836422331744,0.015139311453154808,3735,0.16978527663326304
Personal physician,(Intercept),0.649145998072619,0.01790328077405627,6.954904742513339e-247,0.6140448285789286,0.6842471675663093,3766,0.16298981816674452
Personal physician,treat,0.023618422457804728,0.025035997330890233,0.3455483845731466,-0.025467150004903922,0.07270399492051338,3766,0.16298981816674452
Personal physician,pid_7_c,-0.007658748049888791,0.008000394856486742,0.3384797522992622,-0.023344320957896358,0.008026824858118776,3766,0.16298981816674452
Personal physician,treat:pid_7_c,0.0033610584767028,0.011184064931389931,0.7637956948911039,-0.018566417483683022,0.02528853443708862,3766,0.16298981816674452
