column,activity,version,term,estimate,std.error,p.value,conf.low,conf.high,nobs,r.squared
Concert (F),concert,friend,(Intercept),0.20415277192885029,0.02274870265303702,1.0352442878208183e-18,0.15952243008625308,0.2487831137714475,1270,0.24377979285546347
Concert (F),concert,friend,ZTreatment,0.006125438101127168,0.030471970895835337,0.8407169711561358,-0.05365706899130447,0.0659079451935588,1270,0.24377979285546347
Concert (F),concert,friend,pid_7_c,-0.05210493371928532,0.014937905514562077,5.035515029206441e-4,-0.08141138867170956,-0.02279847876686107,1270,0.24377979285546347
Concert (F),concert,friend,ZTreatment:pid_7_c,0.007949212131310232,0.01938178247352693,0.6817755459367534,-0.030075619020847093,0.045974043283467554,1270,0.24377979285546347
Restaurant (F),restaurant,friend,(Intercept),0.165264808781842,0.022171469905715366,1.656416689579324e-13,0.12176865255522866,0.2087609650084553,1322,0.17343228780114728
Restaurant (F),restaurant,friend,ZTreatment,0.056259221343202576,0.03204336703626683,0.07937369199037422,-0.006603696837828327,0.11912213952423348,1322,0.17343228780114728
Restaurant (F),restaurant,friend,pid_7_c,-0.019798933761527283,0.013316697661263227,0.13731897676069157,-0.045923731276534124,0.0063258637534795575,1322,0.17343228780114728
Restaurant (F),restaurant,friend,ZTreatment:pid_7_c,-0.0216113842731644,0.019356762422529556,0.26442615269130837,-0.05958562621346748,0.016362857667138676,1322,0.17343228780114728
Team (F),team,friend,(Intercept),0.20122208932654392,0.02226931316789696,6.350495239418934e-19,0.1575309698322327,0.24491320882085515,1234,0.19913195290405028
Team (F),team,friend,ZTreatment,0.059416641458619426,0.03241547540429897,0.06705444454578743,-0.0041806683765038405,0.1230139512937427,1234,0.19913195290405028
Team (F),team,friend,pid_7_c,-0.036026245084550226,0.01116241644728353,0.0012827210897296234,-0.05792626809678157,-0.014126222072318884,1234,0.19913195290405028
Team (F),team,friend,ZTreatment:pid_7_c,-0.0418703627329544,0.016798197214514258,0.012816947660380265,-0.0748274654623898,-0.00891326000351899,1234,0.19913195290405028
Trip (F),trip,friend,(Intercept),0.23768399222047612,0.025742226017442,1.0536715408628252e-19,0.1871824775165737,0.28818550692437855,1316,0.1724740236155653
Trip (F),trip,friend,ZTreatment,0.07407511574309787,0.03561303872257318,0.03772381388286569,0.004208881273706236,0.1439413502124895,1316,0.1724740236155653
Trip (F),trip,friend,pid_7_c,-0.01812805305604647,0.015308656301070887,0.23656523750269065,-0.04816082220202819,0.011904716089935253,1316,0.1724740236155653
Trip (F),trip,friend,ZTreatment:pid_7_c,-0.006858302548462809,0.02105735202285618,0.74470726215247,-0.048168955795271404,0.03445235069834579,1316,0.1724740236155653
Concert (S),concert,solo,(Intercept),0.17197102690378246,0.019573048160706295,5.0164948634303374e-18,0.13357134619819122,0.2103707076093737,1283,0.22921155825595207
Concert (S),concert,solo,ZTreatment,-0.00663737975567703,0.026549626257770173,0.8026292414094157,-0.05872416576777291,0.045449406256418856,1283,0.22921155825595207
Concert (S),concert,solo,pid_7_c,-0.05188181837115444,0.01197468498874625,1.5915977184369262e-5,-0.07537453531245376,-0.028389101429855113,1283,0.22921155825595207
Concert (S),concert,solo,ZTreatment:pid_7_c,0.014162007166218047,0.015168473792065094,0.3506662246113521,-0.01559649266600277,0.043920506998438864,1283,0.22921155825595207
Restaurant (S),restaurant,solo,(Intercept),0.14151228830577123,0.018872245951210436,1.176145281910393e-13,0.10448962329539283,0.17853495331614963,1362,0.19433859403147413
Restaurant (S),restaurant,solo,ZTreatment,0.07131159312679655,0.030098913237538855,0.017966966297422046,0.012264991845173628,0.13035819440841948,1362,0.19433859403147413
Restaurant (S),restaurant,solo,pid_7_c,-0.04607504530582303,0.013458183263782512,6.368601259392239e-4,-0.07247666236356085,-0.019673428248085205,1362,0.19433859403147413
Restaurant (S),restaurant,solo,ZTreatment:pid_7_c,0.03902222993395378,0.0187968623792,0.038086249751418964,0.0021474487918252613,0.0758970110760823,1362,0.19433859403147413
Team (S),team,solo,(Intercept),0.16032847467759032,0.01773387401496163,6.153692315968963e-19,0.12553533235803155,0.19512161699714908,1224,0.21343182217927548
Team (S),team,solo,ZTreatment,0.04007222666844454,0.027085589096686048,0.13928029375016923,-0.013068601751505517,0.09321305508839459,1224,0.21343182217927548
Team (S),team,solo,pid_7_c,-0.03839425296016058,0.010314021381900547,2.0645694052200394e-4,-0.058629945033121,-0.018158560887200158,1224,0.21343182217927548
Team (S),team,solo,ZTreatment:pid_7_c,-0.00799512952076126,0.01601068794195595,0.6176166747088141,-0.03940745058092765,0.023417191539405132,1224,0.21343182217927548
Trip (S),trip,solo,(Intercept),0.2211857154082542,0.02285957405217397,2.1596194141873738e-21,0.17633764217813955,0.2660337886383689,1264,0.15076701813729088
Trip (S),trip,solo,ZTreatment,0.058021778409509055,0.03406009891098475,0.08872494594935842,-0.008800543244359353,0.12484410006337746,1264,0.15076701813729088
Trip (S),trip,solo,pid_7_c,-0.03485137822576653,0.013260020560261467,0.008688013180359768,-0.0608661399952614,-0.008836616456271661,1264,0.15076701813729088
Trip (S),trip,solo,ZTreatment:pid_7_c,-0.009737313539832225,0.020153901360089474,0.6290767667783876,-0.04927714232259303,0.02980251524292858,1264,0.15076701813729088
