column,activity,term,estimate,std.error,p.value,conf.low,conf.high,nobs,r.squared
Concert,concert,(Intercept),0.18800613657743098,0.01516825003761113,2.7312249680445947e-34,0.1582626213283362,0.21774965182652575,2553,0.21515950966506647
Concert,concert,ZTreatment,0.0012626082018759054,0.020553522030193335,0.951021427244426,-0.03904092018220265,0.041566136585954455,2553,0.21515950966506647
Concert,concert,pid_7_c,-0.053447750518028685,0.009537537922322164,2.3231505712240277e-8,-0.07214996757853319,-0.03474553345752418,2553,0.21515950966506647
Concert,concert,ZTreatment:pid_7_c,0.013259821072040304,0.012436064079060404,0.2864176326997682,-0.011126133844121385,0.03764577598820199,2553,0.21515950966506647
Restaurant,restaurant,(Intercept),0.1542206844248348,0.014690358295823195,2.743342427988582e-25,0.12541495457850174,0.18302641427116786,2684,0.15314569108132137
Restaurant,restaurant,ZTreatment,0.06042849257456018,0.02233357143953863,0.006859205997496884,0.016635494988242315,0.10422149016087803,2684,0.15314569108132137
Restaurant,restaurant,pid_7_c,-0.033278830595450073,0.009729089198083836,6.344082617557049e-4,-0.0523562083861989,-0.014201452804701246,2684,0.15314569108132137
Restaurant,restaurant,ZTreatment:pid_7_c,0.005945263148883417,0.014033954804072584,0.6718669937736299,-0.021573351620145252,0.03346387791791209,2684,0.15314569108132137
Team,team,(Intercept),0.17944850528806536,0.014753690604289618,4.413080746519038e-33,0.1505173571317166,0.20837965344441411,2458,0.17410851263806315
Team,team,ZTreatment,0.05449123063341023,0.02179726079360248,0.012488027451567204,0.01174804194007182,0.09723441932674864,2458,0.17410851263806315
Team,team,pid_7_c,-0.03198920311262088,0.008070639894639981,7.594661573646756e-5,-0.047815268926992796,-0.01616313729824896,2458,0.17410851263806315
Team,team,ZTreatment:pid_7_c,-0.03344874674752826,0.012126789951563764,0.0058547426793773205,-0.05722869212930315,-0.009668801365753377,2458,0.17410851263806315
Trip,trip,(Intercept),0.22761511430044531,0.01781634036277673,2.8444511010064403e-36,0.19267912046742622,0.26255110813346444,2580,0.12919557930856096
Trip,trip,ZTreatment,0.07213221997502618,0.025417646462229902,0.00457739497019011,0.022290854016976655,0.12197358593307571,2580,0.12919557930856096
Trip,trip,pid_7_c,-0.026899772241135395,0.010734918678899094,0.01227872566056983,-0.04794983331582908,-0.005849711166441712,2580,0.12919557930856096
Trip,trip,ZTreatment:pid_7_c,-0.007983538020373165,0.01519216253498934,0.5992788259542118,-0.037773791564333414,0.021806715523587088,2580,0.12919557930856096
