experiment,family,interaction_key,cate_dem,se_dem,cate_rep,se_rep,dic,se_dic,p_dic,eq_p_5pp,eq_p_10pp,affirms_5pp,affirms_10pp,dic_significant,se_dic_deposited,affirms_5pp_deposited,affirms_10pp_deposited
E-1: Trump,Endorsement,S1|Trump,-0.26603047655585277,0.038998015887148525,0.10314319742137525,0.03766699794802212,0.369173673977228,0.054218520613814165,9.828241355275843e-12,0.9999999980312955,0.9999996557992584,FALSE,FALSE,TRUE,0.05326917935197242,FALSE,FALSE
E-1: Fauci,Endorsement,S1|Fauci,0.0620788222410702,0.03375723124908092,0.041863536592544416,0.03648062775637125,-0.02021528564852578,0.04970298646060265,0.6842123638321644,0.27450175286572503,0.0542216222799793,FALSE,FALSE,FALSE,0.0515913985369446,FALSE,FALSE
E-1: Trump + Fauci,Endorsement,S1|Trump and Fauci,-0.10383833290867066,0.03917413546211148,0.028934318642190076,0.037176322252907554,0.13277265155086074,0.05400640541135736,0.01395338583143766,0.9373183361337462,0.7280177909490592,FALSE,FALSE,TRUE,0.052575259129214555,FALSE,FALSE
E-1: Spiritual/Religious Leader,Endorsement,S1|Spiritual leader,-0.09466556013241702,0.037530326344579826,0.012497370342351667,0.03780478085941434,0.10716293047476869,0.053270318671460974,0.04425349049728108,0.858380775018673,0.5534820901620826,FALSE,FALSE,TRUE,0.05346403381392655,FALSE,FALSE
E-1: Health Insurance,Endorsement,S1|Health Insurance,0.007986177572469645,0.03629949684837549,0.07063346809152624,0.036732606042907005,0.0626472905190566,0.0516424032956313,0.2250923962816006,0.5967335635880355,0.23474922858820094,FALSE,FALSE,FALSE,0.05194774964718699,FALSE,FALSE
E-1: Pharmacy,Endorsement,S1|Pharmacy,0.031213841066192582,0.03469552749770119,0.037651301586308666,0.03658169207788608,0.006437460520116085,0.05041824891470362,0.8984012999756431,0.19378755822063587,0.03174619252112207,FALSE,TRUE,FALSE,0.0517343250711029,FALSE,TRUE
E-1: Personal Physician,Endorsement,S1|Personal physician,5.513719816553507e-4,0.03651501677658081,0.04524415821744806,0.037603417904233494,0.04469278623579271,0.05241529822746796,0.39384408977565444,0.45967475512766737,0.14567307768402213,FALSE,FALSE,FALSE,0.05317926359175028,FALSE,FALSE
E-2: Trump,Endorsement,S2|Trump,-0.11374859298320289,0.047735561935143424,0.01829358978758577,0.05593014389791422,0.13204218277078866,0.07353138696981926,0.07253819263653394,0.8677340733999985,0.6684952842074854,FALSE,FALSE,FALSE,0.07909716804590909,FALSE,FALSE
E-2: Fauci,Endorsement,S2|Fauci,0.01807855720600812,0.046880208690792145,-0.03499484810945,0.05791620413881622,-0.05307340531545812,0.07451201694184137,0.47629152353245946,0.5164505511377079,0.2644174368513635,FALSE,FALSE,FALSE,0.08190588137428267,FALSE,FALSE
E-2: Trump + Fauci,Endorsement,S2|Trump and Fauci,-0.09757769097508934,0.04599864385619784,-0.053127422641594035,0.05701977871992417,0.0444502683334953,0.07326070162016225,0.5440228357760863,0.4698077300059348,0.22415146479919665,FALSE,FALSE,FALSE,0.08063814438922956,FALSE,FALSE
E-2: Obama,Endorsement,S2|Obama,-0.08752513176867169,0.049022291289548235,-0.17280895429288765,0.05255650832028929,-0.08528382252421596,0.07187051975669825,0.23537300601004074,0.688264128400946,0.41887998397333953,FALSE,FALSE,FALSE,0.07432612685752753,FALSE,FALSE
E-2: Biden,Endorsement,S2|Biden,-0.005120318592340745,0.045900109130978,-0.1272334947626635,0.05590319751634238,-0.12211317617032275,0.07233247894816601,0.09136890307834852,0.8406100098117706,0.6200894499301798,FALSE,FALSE,FALSE,0.07905906010763332,FALSE,FALSE
E-2: Biden + Fauci,Endorsement,S2|Biden and Fauci,-0.05207719420586109,0.04983248094475019,-0.1261740305620067,0.05706756233549497,-0.07409683635614561,0.07576267437217679,0.32806818235188284,0.6247790869693763,0.36621354528714045,FALSE,FALSE,FALSE,0.080705720626429,FALSE,FALSE
E-2: Jorge Ramos,Endorsement,S2|Jorge Ramos,-0.01693121884581282,0.046328172320519063,-0.09926794887675734,0.05683430575830602,-0.08233673003094452,0.07332419697199775,0.26147423701133266,0.6703972492280446,0.40481910737107735,FALSE,FALSE,FALSE,0.08037584601145566,FALSE,FALSE
E-2: Lebron James,Endorsement,S2|Lebron James,-0.018513424462418906,0.042974367579174104,-0.07340084692413766,0.05715916434789209,-0.05488742246171875,0.07151200135487266,0.44276799214003654,0.5272441352098987,0.2640728172780319,FALSE,FALSE,FALSE,0.08083526543470168,FALSE,FALSE
G-1,Guidance,Less restrictive guidance (G-1),0.054267781265685405,0.010568577381320204,0.0640217783643153,0.011645685489978515,0.009753997098629896,0.01572630975138316,0.5351035266998894,0.005246406169406681,4.774908493485851e-9,TRUE,TRUE,FALSE,0.01646948636305918,TRUE,TRUE
G-3,Guidance,More restrictive guidance (G-3),0.01505944735665227,0.009379834334842664,0.028102741415393987,0.013019293057709228,0.013043294058741717,0.01604628567213014,0.4163015362192209,0.010635722816834097,2.9946988961614925e-8,TRUE,TRUE,FALSE,0.01841206081472227,TRUE,TRUE
G-2 concert,Mandate vignette,Concert,-0.04633165845651944,0.04488281682896991,-0.007285127403130267,0.02434874343196547,0.03904653105338917,0.05106200694467998,0.44445703755801436,0.41507347967697433,0.11629479166452711,FALSE,FALSE,FALSE,0.03443432318822839,FALSE,TRUE
G-2 restaurant,Mandate vignette,Restaurant,0.051698760809078204,0.04746884787019077,0.046138011179827264,0.027660864058166534,-0.00556074962925094,0.05494010300834614,0.919379975929568,0.20929575254377958,0.042811804114700015,FALSE,TRUE,FALSE,0.0391183690980176,FALSE,TRUE
G-2 team,Mandate vignette,Team,0.1304765160203929,0.048974224387013675,-0.013179142870556437,0.02268288118759334,-0.14365565889094933,0.05397210162000402,0.0077755199784836386,0.9586526672852935,0.7907010133518202,FALSE,FALSE,TRUE,0.03207843820919203,FALSE,FALSE
G-2 trip,Mandate vignette,Trip,0.12960338908047023,0.051923688048993444,0.0580676629597482,0.03419185868484455,-0.07153572612072204,0.06217035130135235,0.2498801507303207,0.6354784324097097,0.3235325408578676,FALSE,FALSE,FALSE,0.04835459027485146,FALSE,FALSE
I-1,Information,Contagiousness (I-1),-0.04966972213902602,0.030154587792388197,-0.007148023707270724,0.016060520576239693,0.042521698431755295,0.03416488674221921,0.21327795500415925,0.413368443838597,0.04624764693482218,FALSE,TRUE,FALSE,0.02271300601769033,FALSE,TRUE
I-2,Information,Delta (I-2),0.013202492171338655,0.03278077750310393,0.025140693283851285,0.017751736101677292,0.01193820111251263,0.03727872728958967,0.7487851526846677,0.15362583200138444,0.009082111720032494,FALSE,TRUE,FALSE,0.02510474595066012,FALSE,TRUE
I-3,Information,Adult booster (I-3),0.10426343698203218,0.01871218037701523,0.0768519715743567,0.02164270279857311,-0.027411465407675473,0.02861035265230609,0.3380143351672195,0.21490316419721703,0.005588076515027202,FALSE,TRUE,FALSE,0.03060740382415223,FALSE,TRUE
I-4,Information,Child booster (I-4),0.14942583820822958,0.04086809551721178,0.23457984008172517,0.05605866297884656,0.08515400187349559,0.06937416612961808,0.21964981253098037,0.6938280161583161,0.41527394126984035,FALSE,FALSE,FALSE,0.07927892147318734,FALSE,FALSE
I-5,Information,Child vaccine (I-5),0.04696951263865138,0.05716822582777665,0.04426818839116397,0.046542567085653144,-0.0027013242474874105,0.07371849561146912,0.9707690365098961,0.26056255061232175,0.0934395638460443,FALSE,FALSE,FALSE,0.06582112960019029,FALSE,FALSE
