experiment,family,interaction_key,p_weighted,p_unweighted,turns_significant
E-1: Trump,Endorsement,S1|Trump,1.1705242248516244e-9,3.975634703778936e-18,FALSE
E-1: Fauci,Endorsement,S1|Fauci,0.23388697008879497,0.11132195845877807,FALSE
E-1: Trump + Fauci,Endorsement,S1|Trump and Fauci,0.05362478677550671,0.014860813164077676,TRUE
E-1: Spiritual/Religious Leader,Endorsement,S1|Spiritual leader,0.05421873951878638,0.0030249840779658565,TRUE
E-1: Health Insurance,Endorsement,S1|Health Insurance,0.4477354020148312,0.9152894317465867,FALSE
E-1: Pharmacy,Endorsement,S1|Pharmacy,0.5646824008833276,0.6149645234313992,FALSE
E-1: Personal Physician,Endorsement,S1|Personal physician,0.7637956948911041,0.5359232909022236,FALSE
E-2: Trump,Endorsement,S2|Trump,0.06303842753865986,0.007712555841764064,TRUE
E-2: Fauci,Endorsement,S2|Fauci,0.41993007425406215,0.8181574016350379,FALSE
E-2: Trump + Fauci,Endorsement,S2|Trump and Fauci,0.9600958567596389,0.24594850862462775,FALSE
E-2: Obama,Endorsement,S2|Obama,0.9717084229933047,0.437948742419074,FALSE
E-2: Biden,Endorsement,S2|Biden,0.29357368170672077,0.3089364051562691,FALSE
E-2: Biden + Fauci,Endorsement,S2|Biden and Fauci,0.7479684023720532,0.17796266715237616,FALSE
E-2: Jorge Ramos,Endorsement,S2|Jorge Ramos,0.49623313554872406,0.904585865419764,FALSE
E-2: Lebron James,Endorsement,S2|Lebron James,0.7049777435193527,0.843269620637559,FALSE
G-1,Guidance,Less restrictive guidance (G-1),0.8796625404497336,0.24244741717227491,FALSE
G-3,Guidance,More restrictive guidance (G-3),0.9939860178414801,0.6633322692883923,FALSE
G-2 concert,Mandate vignette,Concert,0.2864176326997685,0.6388933518497932,FALSE
G-2 restaurant,Mandate vignette,Restaurant,0.6718669937736288,0.6888151062457568,FALSE
G-2 team,Mandate vignette,Team,0.00585474267937729,0.3279511377912231,FALSE
G-2 trip,Mandate vignette,Trip,0.5992788259542128,0.8107606942640777,FALSE
I-1,Information,Contagiousness (I-1),0.30368230864418966,0.5914300445680398,FALSE
I-2,Information,Delta (I-2),0.29901040236394005,0.2090394257512054,FALSE
I-3,Information,Adult booster (I-3),0.9968600119328814,0.3822776406975895,FALSE
I-4,Information,Child booster (I-4),0.24302452686895903,0.33367773400973877,FALSE
I-5,Information,Child vaccine (I-5),0.963076373524891,0.48047028835805305,FALSE
