file,directory_label,osf_file_id,bytes,md5_served,md5_published,sha256_published
replication_archive/code/README.md,replication_archive/code,683a5a452157dae88e85b1c3,3465,e10685dd06db97fea3722ac3741a2170,e10685dd06db97fea3722ac3741a2170,34f75377d4214dd7653b10f9671aaa76da9e955e08f2101d6647c0ac79957d10
replication_archive/code/analysis/run_models_w3_endorse.R,replication_archive/code/analysis,683a5a778c3b2b7220d6a271,3916,488f013305f8f53d1a71ec5d0ab62457,488f013305f8f53d1a71ec5d0ab62457,82b88d88ba58e207fa30c4d0cdfcd42f437fb0b1c08274a87a69c364a2ab56bb
replication_archive/code/analysis/run_models_w3_endorse_by_arm.R,replication_archive/code/analysis,683a5a742157dae88e85b1ca,8273,25df6f1a63a277ffa66eace2980c07bc,25df6f1a63a277ffa66eace2980c07bc,350f824872fad60ff73f6a48be4d3c3dd8cb6ca9ea8835eb12cadb85816249d1
replication_archive/code/analysis/run_models_w3_endorse_cate_by_party.R,replication_archive/code/analysis,683a5a746213818870539298,7094,587d7a34b964161dac6ea4a0b34578ca,587d7a34b964161dac6ea4a0b34578ca,7a108329176606d53075f0063da0999149559604d40140e83c761af76ce3e5c8
replication_archive/code/analysis/run_models_w5_endorse.R,replication_archive/code/analysis,683a5a7a214c96bd30d6a26c,4671,b7d630efcca0f7e1db5fdedbbec08c5f,b7d630efcca0f7e1db5fdedbbec08c5f,9c075681b1f11c1f2cbc5533fc6c2b674f8d429fac807e774c9d878216b55a11
replication_archive/code/analysis/run_models_w5_endorse_cate_by_party.R,replication_archive/code/analysis,683a5a77c64063618cab8062,8079,f9ae977a24ccc31f129d72cb770ec4e1,f9ae977a24ccc31f129d72cb770ec4e1,891d80362e8f59d742ec54e2f453a408a1f823d559dc7c6087ecdba860660e6c
replication_archive/code/analysis/run_models_w6_cdcmask.R,replication_archive/code/analysis,683a5a7dd4ca83d7b5ab8043,1186,e9488550d69b9b84f5d1a25f03aec4b4,e9488550d69b9b84f5d1a25f03aec4b4,c624f9b40fc7fa47ad9ba83652a5d7dc5dbeaa1b24d1a524d7fb0318d9e6491f
replication_archive/code/analysis/run_models_w6_cdcmask_cate_by_party.R,replication_archive/code/analysis,683a5a7ad28314ce29a4d99a,1736,1361260d081789717406a37e5ecd6246,1361260d081789717406a37e5ecd6246,be4d207bd4c681de5f09a31a82fe3e990aa5ce904b88e93b61d95ce025ef278f
replication_archive/code/analysis/run_models_w6_vignette.R,replication_archive/code/analysis,683a5a81d28314ce29a4d9a0,3853,663bd71a58ff9176eca01e1a4ee34abf,663bd71a58ff9176eca01e1a4ee34abf,a0d841188b8cba665c8ed3e07805490fac43ea2197f281d75bbeb6dd127099e9
replication_archive/code/analysis/run_models_w6_vignette_cate_by_party.R,replication_archive/code/analysis,683a5a7dad0d72c75b53929d,5571,dfd36cbe4f2be9ab8dd1fcb9ae8571ba,dfd36cbe4f2be9ab8dd1fcb9ae8571ba,b7de677d93c24bbc341126572f821c6550387a028aeec07efb0281b8b4cc295d
replication_archive/code/analysis/run_models_w7_cdcmask.R,replication_archive/code/analysis,683a5a82214c96bd30d6a26f,1203,4427b5ae7ad25723a60347d1e8b0db67,4427b5ae7ad25723a60347d1e8b0db67,612e08db81134dc224a238f5cde1376500e9b555f07e3769d1bb919d68e28cca
replication_archive/code/analysis/run_models_w7_cdcmask_cate_by_party.R,replication_archive/code/analysis,683a5a808c3b2b7220d6a273,1701,d468cd6071b8d2593e87f3ed6be007c2,d468cd6071b8d2593e87f3ed6be007c2,16776f403043e3374568ae1772085018636742960a0fcde17623967b1ad37934
replication_archive/code/analysis/run_models_w7_contagiousness.R,replication_archive/code/analysis,683a5a85214c96bd30d6a271,1251,a6445529f961e32d53e03d0847e2ef7d,a6445529f961e32d53e03d0847e2ef7d,cd7a445aeae853e99069dc09eb056f71f0a7fbba46fd41fcd111f00b3d129cf7
replication_archive/code/analysis/run_models_w7_contagiousness_cate_by_party.R,replication_archive/code/analysis,683a5a83e06decea18ab806e,1791,867ec5d45328fcec3d92bf1b88bd686d,867ec5d45328fcec3d92bf1b88bd686d,fdf736c0e44dcfe92290dca3059db535db3d4baf6a44ab67b2b7ed7bb16580d6
replication_archive/code/analysis/run_models_w7_doctordelta.R,replication_archive/code/analysis,683a5a877bf15065f2a4d962,1232,751849895674dcaa44e322a118fb7f04,751849895674dcaa44e322a118fb7f04,562a09737944dd0830326e28851ac4fc8c2697251409b9383dc337b870997a5d
replication_archive/code/analysis/run_models_w7_doctordelta_cate_by_party.R,replication_archive/code/analysis,683a5a858c3b2b7220d6a275,1753,279e73b4ab223009ee35b2c32d4998b1,279e73b4ab223009ee35b2c32d4998b1,8c34690d2c33cb63eca36942a075876d8028bfe10fecf2927df86da256a0263e
replication_archive/code/analysis/run_models_w8_adult_booster.R,replication_archive/code/analysis,683a5a8a8eb909ce0085b1f8,1244,afc41b218984674ac540220d721c2a92,afc41b218984674ac540220d721c2a92,26aba91a91921d0e1f2c3e02fea3821f15c136d758061b07b553c05fae0e0d3b
replication_archive/code/analysis/run_models_w8_adult_booster_cate_by_party.R,replication_archive/code/analysis,683a5a898c3b2b7220d6a277,1778,d69be8afb44441353403d5a83113a42e,d69be8afb44441353403d5a83113a42e,ba8a42664becc8be5729d8f59c1911c0d078845045d339e8b1c7699c3ce1684b
replication_archive/code/analysis/run_models_w8_child_booster.R,replication_archive/code/analysis,683a5a8c38a1a4bc8e85b1e6,1244,63d435a8b9d07f35928e0b8f19c4a724,63d435a8b9d07f35928e0b8f19c4a724,aa3f3965c50c8b89f364ff21f6001d2b2a15e40ef612665af44cbe25d6032da6
replication_archive/code/analysis/run_models_w8_child_booster_cate_by_party.R,replication_archive/code/analysis,683a5a8b8eb909ce0085b1fa,1779,22e4ca230174a3fbf55b2b60a6c55fdb,22e4ca230174a3fbf55b2b60a6c55fdb,be4af6e53f1abe99d738b0244bbca2f738b467e8cf1fcbc505175bedd84de551
replication_archive/code/analysis/run_models_w8_child_vaccine.R,replication_archive/code/analysis,683a5a8ee06decea18ab8075,1245,399368e09fad4b697a90fa51acc63449,399368e09fad4b697a90fa51acc63449,9d5a0e38450b0b21ef8008eb2db1c1584a87c51e826783209abf0d8effad9cf9
replication_archive/code/analysis/run_models_w8_child_vaccine_cate_by_party.R,replication_archive/code/analysis,683a5a8e38a1a4bc8e85b1e8,1777,cabb125a59fa41e867b207e6afc400c1,cabb125a59fa41e867b207e6afc400c1,fbefee97010afe14db7f7a027d9d97cef86e894b181510f6af9e79b7da8b0e5e
replication_archive/code/analysis/unweighted/run_models_w3_endorse_by_arm_uw.R,replication_archive/code/analysis/unweighted,683a5ab2c64063618cab806f,6367,57be2c9b0a401cc9bba9be418e781342,57be2c9b0a401cc9bba9be418e781342,1a782090a6cdd1f72781bf4a7f3622766b451dc09e3e4f0a21a590adea3eeb6f
replication_archive/code/analysis/unweighted/run_models_w3_endorse_cate_by_party_uw.R,replication_archive/code/analysis/unweighted,683a5ab3ed3ecff06fa4d96b,6813,4ef0f984c6f41cc90c06b85599971b13,4ef0f984c6f41cc90c06b85599971b13,f1d1b9d42cb7b6f1fa0994a71bfa78c8bf4dc3b785f457058d35123cce341d6f
replication_archive/code/analysis/unweighted/run_models_w3_endorse_uw.R,replication_archive/code/analysis/unweighted,683a5ab6d28314ce29a4d9aa,3495,c386943abc5350521f3b3dd13b0d6a4f,c386943abc5350521f3b3dd13b0d6a4f,06229ef354316cb521039db846adbd2ef7ae3ee3b4ae9cfa5e00fcb5af05fb4e
replication_archive/code/analysis/unweighted/run_models_w5_endorse_cate_by_party_uw.R,replication_archive/code/analysis/unweighted,683a5ab68c3b2b7220d6a27f,7759,2be75f96f275bda600241357239d36c9,2be75f96f275bda600241357239d36c9,abaa4a1083fc0ab768a8339597f1a39fe45f52ed22eac22d76fab532d517d641
replication_archive/code/analysis/unweighted/run_models_w5_endorse_uw.R,replication_archive/code/analysis/unweighted,683a5ab88c3b2b7220d6a285,4063,50e42cfb20097e9c259388ccd61ba790,50e42cfb20097e9c259388ccd61ba790,49c92d264b146802102e835efc92bd2346e397d02dbc6f78ceb0850289707e01
replication_archive/code/analysis/unweighted/run_models_w6_cdcmask_cate_by_party_uw.R,replication_archive/code/analysis/unweighted,683a5ab9bd05c3c276ab8076,1696,c74eb655b98d828db596cc5e8c6ace71,c74eb655b98d828db596cc5e8c6ace71,5ae7617c46548c18d9fc5c488df024680401a297f7a05a6ef2051ddeadec1991
replication_archive/code/analysis/unweighted/run_models_w6_cdcmask_uw.R,replication_archive/code/analysis/unweighted,683a5abad537980edba4d98c,1166,89cdd9766e40300a077af04f0b2c1486,89cdd9766e40300a077af04f0b2c1486,91833dfcbee9020e0ed2e96de6527bb31dbf341fb541e23510fba7889cd9354e
replication_archive/code/analysis/unweighted/run_models_w6_vignette_cate_by_party_uw.R,replication_archive/code/analysis/unweighted,683a5abced3ecff06fa4d970,3082,bd4f79d529beee77999dcee54b031105,bd4f79d529beee77999dcee54b031105,d2dcc14ca3fb2bb179787fe1a645d6c746f59eed9f57165b58855a82adb373b2
replication_archive/code/analysis/unweighted/run_models_w6_vignette_uw.R,replication_archive/code/analysis/unweighted,683a5abe214c96bd30d6a27e,3100,5961b73918492a6ce1067be6b155caaf,5961b73918492a6ce1067be6b155caaf,2441b40b874f7697d94f898559855a55a00b4b7bf504321a088b1300f3efa20c
replication_archive/code/analysis/unweighted/run_models_w7_cdcmask_cate_by_party_uw.R,replication_archive/code/analysis/unweighted,683a5abf1ee69e9efb85b1b5,1661,887f65511acc0133827a7ccb8713b61b,887f65511acc0133827a7ccb8713b61b,d0f5d30082eac5b70f8769217ae4d9a28ec1c00a7cdf8aee7bbbf858e6aa9be6
replication_archive/code/analysis/unweighted/run_models_w7_cdcmask_uw.R,replication_archive/code/analysis/unweighted,683a5ac18c3b2b7220d6a288,1183,e53b878ece4302134bbdfdaa7ae7dced,e53b878ece4302134bbdfdaa7ae7dced,8f5ddffef453aaf22576b8b2d56115529142f44b1363aca44e0c8c30c1129a4b
replication_archive/code/analysis/unweighted/run_models_w7_contagiousness_cate_by_party_uw.R,replication_archive/code/analysis/unweighted,683a5ac1ed3ecff06fa4d972,1751,01cd005b64aae562e68287cf13c921b8,01cd005b64aae562e68287cf13c921b8,06a86efe783a52fd0cd0b56d565161a22377612b5e26ec8283dafed905adf5ea
replication_archive/code/analysis/unweighted/run_models_w7_contagiousness_uw.R,replication_archive/code/analysis/unweighted,683a5ac3482f9d3964a4d96f,1230,ccb8f6bbfa31e657fe64a3a69d33159f,ccb8f6bbfa31e657fe64a3a69d33159f,b4ffbecbdce921a43c19a8e51d7723d22e1c186d4851e24b28acf413c8b1d1cb
replication_archive/code/analysis/unweighted/run_models_w7_doctordelta_cate_by_party_uw.R,replication_archive/code/analysis/unweighted,683a5ac4d28314ce29a4d9b1,1713,8fa17344c3e6ce6e6e73f56923ef536e,8fa17344c3e6ce6e6e73f56923ef536e,b18f13f6806c96d051aaa2210b6793f25ca181ce7cb9f366a124900c1db96206
replication_archive/code/analysis/unweighted/run_models_w7_doctordelta_uw.R,replication_archive/code/analysis/unweighted,683a5ac68c3b2b7220d6a28a,1212,654e75f0923113b6d3d876ccf9c86e02,654e75f0923113b6d3d876ccf9c86e02,134445bebc85ffbf49fe5f13e72333bb5953cff883c0a1dfede6da816dcc84ed
replication_archive/code/analysis/unweighted/run_models_w8_adult_booster_cate_by_party_uw.R,replication_archive/code/analysis/unweighted,683a5ac88eb909ce0085b207,1736,bb6f792c2d3d1492c4c8772835b7635a,bb6f792c2d3d1492c4c8772835b7635a,0f88d1340c391f9f081bc1216fdb919ea3e6c29b0374b2a33f08ea27e7bbebb3
replication_archive/code/analysis/unweighted/run_models_w8_adult_booster_uw.R,replication_archive/code/analysis/unweighted,683a5ac85851d4f0eaa4d963,1224,997722457b9c0c6f663463e5d001099a,997722457b9c0c6f663463e5d001099a,bc45e239ef1269cc787f1108d3466c3dcf4c0744c76af2be9ad15ccf5183c7fc
replication_archive/code/analysis/unweighted/run_models_w8_child_booster_cate_by_party_uw.R,replication_archive/code/analysis/unweighted,683a5acae06decea18ab8082,1738,cb7b50b2745d4a54c3de0cd7c99218ec,cb7b50b2745d4a54c3de0cd7c99218ec,a4a9ac0cdaf31020a95c02892cb91fd191f67a005178edc4c9fdce9c2c83ab94
replication_archive/code/analysis/unweighted/run_models_w8_child_booster_uw.R,replication_archive/code/analysis/unweighted,683a5acaad0d72c75b5392a5,1224,79abdbffe3885dac2d24fc86c07a91f5,79abdbffe3885dac2d24fc86c07a91f5,940f745a374bb343588ee0f38262e7f17043441a9354515bdb9da9bbaeb8f49a
replication_archive/code/analysis/unweighted/run_models_w8_child_vaccine_cate_by_party_uw.R,replication_archive/code/analysis/unweighted,683a5acd768cdc0475d6a259,1784,dd2f66b2964fb82a671ee76b1590ea40,dd2f66b2964fb82a671ee76b1590ea40,b2a0b38e870e5c2b3e3d40c266478d778dd7a408d663b16bf32ebe6e69fe9ca6
replication_archive/code/analysis/unweighted/run_models_w8_child_vaccine_uw.R,replication_archive/code/analysis/unweighted,683a5acd38a1a4bc8e85b1ee,1225,b205f1a94997362cd200fa8ce300e981,b205f1a94997362cd200fa8ce300e981,c83234a6e4be75d1ab22e825bff96d4143acd8fde1d481bafafe7ff429988fc9
replication_archive/code/figures/appendix_figure_E46.R,replication_archive/code/figures,683a5adf62138188705392ae,7334,4e10b6e7bb01e96ce89c3ba13079353a,4e10b6e7bb01e96ce89c3ba13079353a,c1f15f0409f5b76d6e66c8ca0d368298922121c4728378f15da731988acf12ee
replication_archive/code/figures/appendix_figures_C1_C22.R,replication_archive/code/figures,683a5adf46410edf2dab8055,9771,05ba65c5c00998f3aae9039ecc8c92a4,05ba65c5c00998f3aae9039ecc8c92a4,57092653503da8c8a2822ee0c06dd6d4638bc5cb0a697d45374de36431b16c53
replication_archive/code/figures/appendix_figures_D24_D45.R,replication_archive/code/figures,683a5ae289ba2e8b085392a8,9916,b8f1cd0391046f387ff4629d500906ea,b8f1cd0391046f387ff4629d500906ea,ef7b421f885b1dd2340496d316cc6d5d1b51de8c20faa0b514f1581d6114876b
replication_archive/code/figures/appendix_figures_E48_E59.R,replication_archive/code/figures,683a5ae2bd05c3c276ab8081,1895,7ad1fb06d88bd5e714bd04a9cdf51aef,7ad1fb06d88bd5e714bd04a9cdf51aef,2fda1b6c0916c6481b95cdeb05d010984b08423a4e22614b1118d1ce9fcc194f
replication_archive/code/figures/figure_1.R,replication_archive/code/figures,683a5ae68eb909ce0085b218,507,218ec6beea5f8b2773a964d8d7488dbb,218ec6beea5f8b2773a964d8d7488dbb,f015cd8d05ab10ca91ea72a3fbb98cbc62f0f51f8997be4d1dd3e6e5e6143199
replication_archive/code/figures/figure_2.R,replication_archive/code/figures,683a5ae638a1a4bc8e85b1f2,9778,cfd2efbfc5ff7027c67b43a59bb28ce1,cfd2efbfc5ff7027c67b43a59bb28ce1,40da8ac1eb7012e4f507d2330f26454effe55d2e7b1a55a00098ac5412a00a36
replication_archive/code/figures/figure_3.R,replication_archive/code/figures,683a5ae98eb909ce0085b21b,453,69bcdedb70ec181745d6ae8de00a5738,69bcdedb70ec181745d6ae8de00a5738,14d6571bfae43d176d313180cc02d13e44487b441163cd98fbbcb63685f40249
replication_archive/code/figures/figure_4.R,replication_archive/code/figures,683a5ae98eb909ce0085b21d,3311,79decda27c66b541a4cf569f1ebe571f,79decda27c66b541a4cf569f1ebe571f,f206386237e12da975be6c2021371076e536b8363ac5ea8911353dd79bb4091e
replication_archive/code/figures/figure_5.R,replication_archive/code/figures,683a5aedad0d72c75b5392ac,458,b40d91c31ac833ca472f5c44b53f963d,b40d91c31ac833ca472f5c44b53f963d,b861d94bb63c6e85018b94d6d91ec1210f7dc6eb26d856c5bd177922d82d66ad
replication_archive/code/figures/figure_mini_meta.R,replication_archive/code/figures,683a5aed7bf15065f2a4d96f,3987,e48de32945cd05aa38cc2dde663e39be,e48de32945cd05aa38cc2dde663e39be,fe7aa4038076895d79d699e6ba7b1f2d62c84078165ee98e1a144a1b03166913
replication_archive/code/figures/guidance_chi_sq.R,replication_archive/code/figures,683a5aefbd05c3c276ab808a,4213,98e91d694a6744efb8b49316dd90a0fd,98e91d694a6744efb8b49316dd90a0fd,03801ef8072e47fa2c5fa5cff6860fcf39a97bed4e24d075d042dc179a22bad8
replication_archive/code/helpers.R,replication_archive/code,683a5a42e06decea18ab8069,9042,ce752d9bdb2e04c80a7edbf694c86abe,ce752d9bdb2e04c80a7edbf694c86abe,955ac8315eb2f9ecd50a0f4b5705e8abae7a025e989c420cc5e49ad1ea156f33
replication_archive/code/main.R,replication_archive/code,683a5a416213818870539294,3901,eb31e49ec01259377a5121dea3ecfa5f,eb31e49ec01259377a5121dea3ecfa5f,e70bdd62152e00b14e0d14e32fb0b507bc5bacc33f0f29d4591654a5db3ec72f
replication_archive/code/tables/equiv_test_guidance.R,replication_archive/code/tables,683a5aff482f9d3964a4d976,4177,64d757880bac721015f8f7770438295d,64d757880bac721015f8f7770438295d,29cb8b3cd9a56c8718f623fa16060dacae20e4ee8446432934c86a264d1f57e0
replication_archive/code/tables/equiv_test_guidance_vignette.R,replication_archive/code/tables,683a5afe62138188705392b1,8482,ead314dfeac47b8455a680c0362e9b35,ead314dfeac47b8455a680c0362e9b35,c35e7c88a739b5ecdf6d2c3b907365131f053d0fc1ed1bd37d652a2306e7ca09
replication_archive/code/tables/equiv_test_information.R,replication_archive/code/tables,683a5b01768cdc0475d6a26b,4375,bff5ac05e9ae9a627ccd5e6eb710b337,bff5ac05e9ae9a627ccd5e6eb710b337,fa6ed1091a59877a4eef2b7df280b0d8b617e59da903730ebc9fb8d160e1d98a
replication_archive/code/tables/equiv_test_w3_endorse.R,replication_archive/code/tables,683a5b0238a1a4bc8e85b1f7,9526,ffc33770133c483e23449046a9b42992,ffc33770133c483e23449046a9b42992,643c8ea01f6d79fa0890a288ad4060c9f55a36cb5359e653bcd72c0dc536d48e
replication_archive/code/tables/equiv_test_w5_endorse.R,replication_archive/code/tables,683a5b0389ba2e8b085392ad,4201,d26029e4932c1471999bd00c68110729,d26029e4932c1471999bd00c68110729,a3305baee2e35d67d040bb8a7ef3cc08ebbd13031b81d6a6422260d787bb68ce
replication_archive/code/tables/table_2.R,replication_archive/code/tables,683a5b058c3b2b7220d6a297,1115,74fa1a6001898a397db63fee7f51da73,74fa1a6001898a397db63fee7f51da73,a0e0280de410f294da15eb4a935662368605ee9201d928a417d52e5f1e31e154
replication_archive/code/tables/table_3.R,replication_archive/code/tables,683a5b052157dae88e85b1d1,1756,bb3fbe9c947266d25b1a24f8438182d5,bb3fbe9c947266d25b1a24f8438182d5,922c7567533e7ddbd5ffb4c096840ec137dd6b4e2be4ce220681f007bac464a1
replication_archive/code/tables/table_A1.R,replication_archive/code/tables,683a5b09012668fa2dd6a246,1735,a233b7a5246ce35828846e15a42dc0e7,a233b7a5246ce35828846e15a42dc0e7,577210bd2602e94118cb0b66de4b96b7f712b723139dee937dd6584796af6feb
replication_archive/code/tables/table_A2.R,replication_archive/code/tables,683a5b098c3b2b7220d6a29a,6934,3a47e97ea0851091949ba493651b4cc2,3a47e97ea0851091949ba493651b4cc2,2b7beb5b68e498d93de91fb2c8500705646462ee5cf53578237b18747f91ecb4
replication_archive/code/tables/table_A3.R,replication_archive/code/tables,683a5b0c482f9d3964a4d978,1014,d587ee601c7868fd437d02b6b88ecc8e,d587ee601c7868fd437d02b6b88ecc8e,65f622f27441d70c6c0da3b5656fe3edc2c8a885c3341aa116dd723993c88d18
replication_archive/data/clean/dta/data_w3_endorse.dta,replication_archive/data/clean/dta,683a5b64bd05c3c276ab809d,4133598,d74435093a4014c825aed22d225e7469,d74435093a4014c825aed22d225e7469,3b0a96ceb3fef725b36f14739674e2e7fc2415540158a25be495160114c54de0
replication_archive/data/clean/dta/data_w4_rollout.dta,replication_archive/data/clean/dta,683a5b62d28314ce29a4d9c8,3057980,6dc0b4e2f4e3d5bca99784c5b9731a8e,6dc0b4e2f4e3d5bca99784c5b9731a8e,70450bc72337f5ef560e12a293b833f8ab67d314fe3dadde4f6e6a26274728f3
replication_archive/data/clean/dta/data_w4_sickleave.dta,replication_archive/data/clean/dta,683a5b66ab0d760215d6a25d,1872784,f8f04db69f5a2bdfff77224496cbdb24,f8f04db69f5a2bdfff77224496cbdb24,460ca565179f36c554b48e1759a5de7c507a1e2ae017174e8b4d75bb57404ccf
replication_archive/data/clean/dta/data_w5_endorse.dta,replication_archive/data/clean/dta,683a5b68830a092ef35392ef,3749192,a0cfebd06ad575a0ab3d3f125935d0e6,a0cfebd06ad575a0ab3d3f125935d0e6,702b3d5e87148f2fe46f4dd8a23f5ec9d4363658f9bfa11d239bdcb0c91739ce
replication_archive/data/clean/dta/data_w5_incentive.dta,replication_archive/data/clean/dta,683a5b69e06decea18ab80af,1549678,ddde188b14f4c8b73b5e4be8bae6d5a1,ddde188b14f4c8b73b5e4be8bae6d5a1,6d290be2085893fe562d441a086a912c420c8d539698e3423e04bd1f38acafa8
replication_archive/data/clean/dta/data_w5_masking.dta,replication_archive/data/clean/dta,683a5b6f62138188705392c6,3646384,b956d5d7e431ae7b0e64d3c934a023e3,b956d5d7e431ae7b0e64d3c934a023e3,383ca4051038be2d9cf349127f3d4f0dc510a6ed7cf3022ccd1733e7d28b85c8
replication_archive/data/clean/dta/data_w5_sickleave.dta,replication_archive/data/clean/dta,683a5b6d62138188705392c4,3153255,2f4b7cc79b7586508e307140640511bd,2f4b7cc79b7586508e307140640511bd,49b6f4b201103140843730159718849ba4f52a880bc0b965debb7ee5b7b7c667
replication_archive/data/clean/dta/data_w6_cdcmask.dta,replication_archive/data/clean/dta,683a5b7162138188705392c9,3912030,c0c9efa0031f701b0207111551ed10f7,c0c9efa0031f701b0207111551ed10f7,be3cbd4dd3e73093f83a033499df8242ea65eb5cc1b54c2d886f6cfd0cdec4a3
replication_archive/data/clean/dta/data_w6_conversation.dta,replication_archive/data/clean/dta,683a5b77d537980edba4d9ba,4345045,c6f045d5c9e7fd369c9611dceae303cc,c6f045d5c9e7fd369c9611dceae303cc,3cbae5f379c3e50267935371fc7d42126593f37699517e2165ef966f03caeefb
replication_archive/data/clean/dta/data_w6_vignette.dta,replication_archive/data/clean/dta,683a5b77bd05c3c276ab809f,4127806,936ffd73ca8f0b0966dd52f97f614536,936ffd73ca8f0b0966dd52f97f614536,4d371bb12206ad1be1681f1c5b6a3001e6aa31dcdbab28c15020810c9e1642d4
replication_archive/data/clean/dta/data_w7_cdcmask.dta,replication_archive/data/clean/dta,683a5b7fe06decea18ab80b4,4193164,57e82deba4fa1f7b62f381f669843fa0,57e82deba4fa1f7b62f381f669843fa0,afacc2c850af5bdaf3df467086f103048e98a8caeb049dc932d12e0e023db96e
replication_archive/data/clean/dta/data_w7_contagiousness.dta,replication_archive/data/clean/dta,683a5b7d2e3ba39a2085b1b7,4523134,ca1d75484e60e2eda3cfa9aea61c465e,ca1d75484e60e2eda3cfa9aea61c465e,839787fdfd2f55f59a1414799ccf2af911ff978a5e0e59e100f3c9b26b34d02f
replication_archive/data/clean/dta/data_w7_doctordelta.dta,replication_archive/data/clean/dta,683a5b82365c26ea39539286,4060801,f95669bf7fc0c056a296db0a6779ac68,f95669bf7fc0c056a296db0a6779ac68,36035dd4634e6a3f49465d08dbfaa1ccb37640cc7690b188fb3c8379d74c374e
replication_archive/data/clean/dta/data_w8_adult_booster.dta,replication_archive/data/clean/dta,683a5b83ab0d760215d6a265,2272759,7e0234b0d226dcba6aa059c342ba9c48,7e0234b0d226dcba6aa059c342ba9c48,239c528b312cbcddfb338354598e9caf2e2f9ad3a7051bb070e4a764f52b01cd
replication_archive/data/clean/dta/data_w8_bivalent_all.dta,replication_archive/data/clean/dta,683a5b898c3b2b7220d6a2b3,7829975,ed1b92e52e903ce5f8f90c59b18f8673,ed1b92e52e903ce5f8f90c59b18f8673,ff9ccafcc5f50b81cf208afa28957529cb8af7a6e9d9d398b131fdcf10507082
replication_archive/data/clean/dta/data_w8_child_booster.dta,replication_archive/data/clean/dta,683a5b897bf15065f2a4d979,322195,828a75271e2d9ef815617b96d48ea0df,828a75271e2d9ef815617b96d48ea0df,84ea393d25a051d55009020c1a09bb06c5e82a1f6d8545ed769185ddeb03fb5f
replication_archive/data/clean/dta/data_w8_child_vaccine.dta,replication_archive/data/clean/dta,683a5b8be1796a7304d6a24e,304314,8ddc0cdd065ac367f9c605888d22c6f7,8ddc0cdd065ac367f9c605888d22c6f7,584336e27d4c5edf1581a4f7323ec4ef73f19611b77a1b20ab13bd45e2832615
replication_archive/data/clean/rds/data_w3_endorse.rds,replication_archive/data/clean/rds,683a5bbbd28314ce29a4d9e0,5189762,5947b630f3484dcceb65110513316cd6,5947b630f3484dcceb65110513316cd6,8f3c721f2e03f38ebe4051743c7fd1fd98eb7291853038c2cdaae7e6aa8cde09
replication_archive/data/clean/rds/data_w4_rollout.rds,replication_archive/data/clean/rds,683a5bc0214c96bd30d6a2bb,3704808,ba59aa8745000071a1181a2c1b86a116,ba59aa8745000071a1181a2c1b86a116,a066fe44a6f95a1719c1a62a2a17020eb4382b4156d21f146baa67c286197b24
replication_archive/data/clean/rds/data_w4_sickleave.rds,replication_archive/data/clean/rds,683a5bbfbd05c3c276ab80b1,2283207,487d530a4ecf05aca8102a8b77ecef99,487d530a4ecf05aca8102a8b77ecef99,5a8dd3c3f05ddf05d1038d0636847118126202f7a7f95ff7d89532a39fabfdaa
replication_archive/data/clean/rds/data_w5_endorse.rds,replication_archive/data/clean/rds,683a5bc28c3b2b7220d6a2c4,2300373,ccbacc5686e445a8e156de71f71200d0,ccbacc5686e445a8e156de71f71200d0,77c6a3aa5b319861b2bcf562a8531386c1be8e8a8ade0f5b1eb0d2de64ecfbc6
replication_archive/data/clean/rds/data_w5_incentive.rds,replication_archive/data/clean/rds,683a5bc3e06decea18ab80c8,1941188,be4bf15b3c0dac4b0ad03389b057e7c1,be4bf15b3c0dac4b0ad03389b057e7c1,7a3f49ddbaa7313e57e6956ab9cdc88f7285851503d401efaae0712ac65b383e
replication_archive/data/clean/rds/data_w5_masking.rds,replication_archive/data/clean/rds,683a5bc7ad0d72c75b5392bf,2947749,bfc76e19fd77f06dd040f4129bd5aa7e,bfc76e19fd77f06dd040f4129bd5aa7e,ba94c6561a6244454bfd79d799db980bf8c07a3f71c4625718234d9574833629
replication_archive/data/clean/rds/data_w5_sickleave.rds,replication_archive/data/clean/rds,683a5bc8d28314ce29a4d9ee,3293081,3052da44f7392084c4cfb1485c85b9b8,3052da44f7392084c4cfb1485c85b9b8,9da5873558100f03262d23c56e06aef5db1ec2888df9a067b1dc62ef24d2efa9
replication_archive/data/clean/rds/data_w6_cdcmask.rds,replication_archive/data/clean/rds,683a5bcf62138188705392d8,9861338,37c76720110d0e6fcb0a48dc5944cb3b,37c76720110d0e6fcb0a48dc5944cb3b,0650a99ee5742623baf7314b8dcd36d0593fdd2df0a0c3a7db2f4a77b3ef751c
replication_archive/data/clean/rds/data_w6_conversation.rds,replication_archive/data/clean/rds,683a5bd68c3b2b7220d6a2cb,5145357,576e23daecc28d0aa4f02e66e7cbf308,576e23daecc28d0aa4f02e66e7cbf308,fe391857cc323a9d85e94801c2133cd0ca702bb154865db4d9e3449ef3fb5d4f
replication_archive/data/clean/rds/data_w6_vignette.rds,replication_archive/data/clean/rds,683a5bd464c394dbb9539291,3371675,a9b055611cf4c0b87cfe4aa14bc31f38,a9b055611cf4c0b87cfe4aa14bc31f38,da90bd1adf4020b6b7e7750a5b6d07e1343f0be1f5f1ece84c2109c2e4af1c15
replication_archive/data/clean/rds/data_w7_cdcmask.rds,replication_archive/data/clean/rds,683a5bde8eb909ce0085b24f,10566192,c99d19e8195e969a02dbc62ecab59cae,c99d19e8195e969a02dbc62ecab59cae,9b24ce25ec144f758e76f25ae5ed493fe663e972697857343b9b315c4465feaa
replication_archive/data/clean/rds/data_w7_contagiousness.rds,replication_archive/data/clean/rds,683a5be0d537980edba4d9c7,2847237,53d4d18a16daf335c064fd9b8d75303c,53d4d18a16daf335c064fd9b8d75303c,fa8746f0f3683effae8ccbcf7a3e75c4786b1f09765d31ae7bec1bd1a1aebcff
replication_archive/data/clean/rds/data_w7_doctordelta.rds,replication_archive/data/clean/rds,683a5be15851d4f0eaa4d96b,2622778,215ef1911e50fe8302838d13df2553a9,215ef1911e50fe8302838d13df2553a9,440debbdd22dfdb52ae8e67a78502c8579e2e6507b4c4751894a1d46d34f78ef
replication_archive/data/clean/rds/data_w8_adult_booster.rds,replication_archive/data/clean/rds,683a5be3d28314ce29a4d9f8,3821381,94135f17bdeb0b975e4fd3312ec38986,94135f17bdeb0b975e4fd3312ec38986,6e4aca71b5e42121823153caefa458cf1695881eb090e7a74c3873615c28266a
replication_archive/data/clean/rds/data_w8_bivalent_all.rds,replication_archive/data/clean/rds,683a5be838a1a4bc8e85b216,6781912,76f8a1697fa7e4364ef7d798e4764134,76f8a1697fa7e4364ef7d798e4764134,27fbcbb0e8d24dd57fbcf9eedbb3696dbaaed042039a9f7f01638a0fea0c6199
replication_archive/data/clean/rds/data_w8_child_booster.rds,replication_archive/data/clean/rds,683a5be9d28314ce29a4d9fa,606534,962c14bed4516a649ee229016018e72a,962c14bed4516a649ee229016018e72a,75576abc997fcee2c06b20adb95d98734dd07c21ffa996844c18460bfad3d186
replication_archive/data/clean/rds/data_w8_child_vaccine.rds,replication_archive/data/clean/rds,683a5bea012668fa2dd6a25a,608476,9126d3309b8692b7e8bd816becf8e301,9126d3309b8692b7e8bd816becf8e301,0fec6f7dd0125c29558b09c62693869cbf1609572936e514e62174d2f18b07f6
replication_archive/metadata/contrasts.csv,replication_archive/metadata,683a5bf97bf15065f2a4d988,2665,50b20095a155159423abddd9482a3c90,50b20095a155159423abddd9482a3c90,cce9ec90dd744539bac9d1c2590f03dcdf18f4d060c74505b52fc08885934125
