file,mtime_before,mtime_after,overwritten
code/analysis/run_models_w3_endorse_by_arm.R,2026-08-03T01:36:49Z,2026-08-03T01:36:49Z,FALSE
code/analysis/run_models_w3_endorse_cate_by_party.R,2026-08-03T01:36:49Z,2026-08-03T01:36:49Z,FALSE
code/analysis/run_models_w3_endorse.R,2026-08-03T01:36:49Z,2026-08-03T01:36:49Z,FALSE
code/analysis/run_models_w5_endorse_cate_by_party.R,2026-08-03T01:36:49Z,2026-08-03T01:36:49Z,FALSE
code/analysis/run_models_w5_endorse.R,2026-08-03T01:36:49Z,2026-08-03T01:36:49Z,FALSE
code/analysis/run_models_w6_cdcmask_cate_by_party.R,2026-08-03T01:36:49Z,2026-08-03T01:36:49Z,FALSE
code/analysis/run_models_w6_cdcmask.R,2026-08-03T01:36:49Z,2026-08-03T01:36:49Z,FALSE
code/analysis/run_models_w6_vignette_cate_by_party.R,2026-08-03T01:36:49Z,2026-08-03T01:36:49Z,FALSE
code/analysis/run_models_w6_vignette.R,2026-08-03T01:36:49Z,2026-08-03T01:36:49Z,FALSE
code/analysis/run_models_w7_cdcmask_cate_by_party.R,2026-08-03T01:36:49Z,2026-08-03T01:36:49Z,FALSE
code/analysis/run_models_w7_cdcmask.R,2026-08-03T01:36:49Z,2026-08-03T01:36:49Z,FALSE
code/analysis/run_models_w7_contagiousness_cate_by_party.R,2026-08-03T01:36:49Z,2026-08-03T01:36:49Z,FALSE
code/analysis/run_models_w7_contagiousness.R,2026-08-03T01:36:49Z,2026-08-03T01:36:49Z,FALSE
code/analysis/run_models_w7_doctordelta_cate_by_party.R,2026-08-03T01:36:49Z,2026-08-03T01:36:49Z,FALSE
code/analysis/run_models_w7_doctordelta.R,2026-08-03T01:36:49Z,2026-08-03T01:36:49Z,FALSE
code/analysis/run_models_w8_adult_booster_cate_by_party.R,2026-08-03T01:36:49Z,2026-08-03T01:36:49Z,FALSE
code/analysis/run_models_w8_adult_booster.R,2026-08-03T01:36:49Z,2026-08-03T01:36:49Z,FALSE
code/analysis/run_models_w8_child_booster_cate_by_party.R,2026-08-03T01:36:49Z,2026-08-03T01:36:49Z,FALSE
code/analysis/run_models_w8_child_booster.R,2026-08-03T01:36:49Z,2026-08-03T01:36:49Z,FALSE
code/analysis/run_models_w8_child_vaccine_cate_by_party.R,2026-08-03T01:36:49Z,2026-08-03T01:36:49Z,FALSE
code/analysis/run_models_w8_child_vaccine.R,2026-08-03T01:36:49Z,2026-08-03T01:36:49Z,FALSE
code/analysis/unweighted/run_models_w3_endorse_by_arm_uw.R,2026-08-03T01:36:49Z,2026-08-03T01:36:49Z,FALSE
code/analysis/unweighted/run_models_w3_endorse_cate_by_party_uw.R,2026-08-03T01:36:49Z,2026-08-03T01:36:49Z,FALSE
code/analysis/unweighted/run_models_w3_endorse_uw.R,2026-08-03T01:36:49Z,2026-08-03T01:36:49Z,FALSE
code/analysis/unweighted/run_models_w5_endorse_cate_by_party_uw.R,2026-08-03T01:36:49Z,2026-08-03T01:36:49Z,FALSE
code/analysis/unweighted/run_models_w5_endorse_uw.R,2026-08-03T01:36:49Z,2026-08-03T01:36:49Z,FALSE
code/analysis/unweighted/run_models_w6_cdcmask_cate_by_party_uw.R,2026-08-03T01:36:49Z,2026-08-03T01:36:49Z,FALSE
code/analysis/unweighted/run_models_w6_cdcmask_uw.R,2026-08-03T01:36:49Z,2026-08-03T01:36:49Z,FALSE
code/analysis/unweighted/run_models_w6_vignette_cate_by_party_uw.R,2026-08-03T01:36:49Z,2026-08-03T01:36:49Z,FALSE
code/analysis/unweighted/run_models_w6_vignette_uw.R,2026-08-03T01:36:49Z,2026-08-03T01:36:49Z,FALSE
code/analysis/unweighted/run_models_w7_cdcmask_cate_by_party_uw.R,2026-08-03T01:36:49Z,2026-08-03T01:36:49Z,FALSE
code/analysis/unweighted/run_models_w7_cdcmask_uw.R,2026-08-03T01:36:49Z,2026-08-03T01:36:49Z,FALSE
code/analysis/unweighted/run_models_w7_contagiousness_cate_by_party_uw.R,2026-08-03T01:36:49Z,2026-08-03T01:36:49Z,FALSE
code/analysis/unweighted/run_models_w7_contagiousness_uw.R,2026-08-03T01:36:49Z,2026-08-03T01:36:49Z,FALSE
code/analysis/unweighted/run_models_w7_doctordelta_cate_by_party_uw.R,2026-08-03T01:36:49Z,2026-08-03T01:36:49Z,FALSE
code/analysis/unweighted/run_models_w7_doctordelta_uw.R,2026-08-03T01:36:49Z,2026-08-03T01:36:49Z,FALSE
code/analysis/unweighted/run_models_w8_adult_booster_cate_by_party_uw.R,2026-08-03T01:36:49Z,2026-08-03T01:36:49Z,FALSE
code/analysis/unweighted/run_models_w8_adult_booster_uw.R,2026-08-03T01:36:49Z,2026-08-03T01:36:49Z,FALSE
code/analysis/unweighted/run_models_w8_child_booster_cate_by_party_uw.R,2026-08-03T01:36:49Z,2026-08-03T01:36:49Z,FALSE
code/analysis/unweighted/run_models_w8_child_booster_uw.R,2026-08-03T01:36:49Z,2026-08-03T01:36:49Z,FALSE
code/analysis/unweighted/run_models_w8_child_vaccine_cate_by_party_uw.R,2026-08-03T01:36:49Z,2026-08-03T01:36:49Z,FALSE
code/analysis/unweighted/run_models_w8_child_vaccine_uw.R,2026-08-03T01:36:49Z,2026-08-03T01:36:49Z,FALSE
code/figures/appendix_figure_E46.R,2026-08-03T01:36:49Z,2026-08-03T01:36:49Z,FALSE
code/figures/appendix_figures_C1_C22.R,2026-08-03T01:36:49Z,2026-08-03T01:36:49Z,FALSE
code/figures/appendix_figures_D24_D45.R,2026-08-03T01:36:49Z,2026-08-03T01:36:49Z,FALSE
code/figures/appendix_figures_E48_E59.R,2026-08-03T01:36:49Z,2026-08-03T01:36:49Z,FALSE
code/figures/figure_1.R,2026-08-03T01:36:49Z,2026-08-03T01:36:49Z,FALSE
code/figures/figure_2.R,2026-08-03T01:36:49Z,2026-08-03T01:36:49Z,FALSE
code/figures/figure_3.R,2026-08-03T01:36:49Z,2026-08-03T01:36:49Z,FALSE
code/figures/figure_4.R,2026-08-03T01:36:49Z,2026-08-03T01:36:49Z,FALSE
code/figures/figure_5.R,2026-08-03T01:36:49Z,2026-08-03T01:36:49Z,FALSE
code/figures/figure_mini_meta.R,2026-08-03T01:36:49Z,2026-08-03T01:36:49Z,FALSE
code/figures/guidance_chi_sq.R,2026-08-03T01:36:49Z,2026-08-03T01:36:49Z,FALSE
code/helpers.R,2026-08-03T01:36:49Z,2026-08-03T01:36:49Z,FALSE
code/main.R,2026-08-03T01:36:49Z,2026-08-03T01:36:49Z,FALSE
code/README.md,2026-08-03T01:36:49Z,2026-08-03T01:36:49Z,FALSE
code/tables/equiv_test_guidance_vignette.R,2026-08-03T01:36:49Z,2026-08-03T01:36:49Z,FALSE
code/tables/equiv_test_guidance.R,2026-08-03T01:36:49Z,2026-08-03T01:36:49Z,FALSE
code/tables/equiv_test_information.R,2026-08-03T01:36:49Z,2026-08-03T01:36:49Z,FALSE
code/tables/equiv_test_w3_endorse.R,2026-08-03T01:36:49Z,2026-08-03T01:36:49Z,FALSE
code/tables/equiv_test_w5_endorse.R,2026-08-03T01:36:49Z,2026-08-03T01:36:49Z,FALSE
code/tables/table_2.R,2026-08-03T01:36:49Z,2026-08-03T01:36:49Z,FALSE
code/tables/table_3.R,2026-08-03T01:36:49Z,2026-08-03T01:36:49Z,FALSE
code/tables/table_A1.R,2026-08-03T01:36:49Z,2026-08-03T01:36:49Z,FALSE
code/tables/table_A2.R,2026-08-03T01:36:49Z,2026-08-03T01:36:49Z,FALSE
code/tables/table_A3.R,2026-08-03T01:36:49Z,2026-08-03T01:36:49Z,FALSE
data/clean/dta/data_w3_endorse.dta,2026-08-03T01:36:49Z,2026-08-03T01:36:49Z,FALSE
data/clean/dta/data_w4_rollout.dta,2026-08-03T01:36:49Z,2026-08-03T01:36:49Z,FALSE
data/clean/dta/data_w4_sickleave.dta,2026-08-03T01:36:49Z,2026-08-03T01:36:49Z,FALSE
data/clean/dta/data_w5_endorse.dta,2026-08-03T01:36:49Z,2026-08-03T01:36:49Z,FALSE
data/clean/dta/data_w5_incentive.dta,2026-08-03T01:36:49Z,2026-08-03T01:36:49Z,FALSE
data/clean/dta/data_w5_masking.dta,2026-08-03T01:36:49Z,2026-08-03T01:36:49Z,FALSE
data/clean/dta/data_w5_sickleave.dta,2026-08-03T01:36:49Z,2026-08-03T01:36:49Z,FALSE
data/clean/dta/data_w6_cdcmask.dta,2026-08-03T01:36:49Z,2026-08-03T01:36:49Z,FALSE
data/clean/dta/data_w6_conversation.dta,2026-08-03T01:36:49Z,2026-08-03T01:36:49Z,FALSE
data/clean/dta/data_w6_vignette.dta,2026-08-03T01:36:49Z,2026-08-03T01:36:49Z,FALSE
data/clean/dta/data_w7_cdcmask.dta,2026-08-03T01:36:49Z,2026-08-03T01:36:49Z,FALSE
data/clean/dta/data_w7_contagiousness.dta,2026-08-03T01:36:49Z,2026-08-03T01:36:49Z,FALSE
data/clean/dta/data_w7_doctordelta.dta,2026-08-03T01:36:49Z,2026-08-03T01:36:49Z,FALSE
data/clean/dta/data_w8_adult_booster.dta,2026-08-03T01:36:49Z,2026-08-03T01:36:49Z,FALSE
data/clean/dta/data_w8_bivalent_all.dta,2026-08-03T01:36:49Z,2026-08-03T01:36:49Z,FALSE
data/clean/dta/data_w8_child_booster.dta,2026-08-03T01:36:49Z,2026-08-03T01:36:49Z,FALSE
data/clean/dta/data_w8_child_vaccine.dta,2026-08-03T01:36:49Z,2026-08-03T01:36:49Z,FALSE
data/clean/rds/data_w3_endorse.rds,2026-08-03T01:36:49Z,2026-08-03T01:36:49Z,FALSE
data/clean/rds/data_w4_rollout.rds,2026-08-03T01:36:49Z,2026-08-03T01:36:49Z,FALSE
data/clean/rds/data_w4_sickleave.rds,2026-08-03T01:36:49Z,2026-08-03T01:36:49Z,FALSE
data/clean/rds/data_w5_endorse.rds,2026-08-03T01:36:49Z,2026-08-03T01:36:49Z,FALSE
data/clean/rds/data_w5_incentive.rds,2026-08-03T01:36:49Z,2026-08-03T01:36:49Z,FALSE
data/clean/rds/data_w5_masking.rds,2026-08-03T01:36:49Z,2026-08-03T01:36:49Z,FALSE
data/clean/rds/data_w5_sickleave.rds,2026-08-03T01:36:49Z,2026-08-03T01:36:49Z,FALSE
data/clean/rds/data_w6_cdcmask.rds,2026-08-03T01:36:49Z,2026-08-03T01:36:49Z,FALSE
data/clean/rds/data_w6_conversation.rds,2026-08-03T01:36:49Z,2026-08-03T01:36:49Z,FALSE
data/clean/rds/data_w6_vignette.rds,2026-08-03T01:36:49Z,2026-08-03T01:36:49Z,FALSE
data/clean/rds/data_w7_cdcmask.rds,2026-08-03T01:36:49Z,2026-08-03T01:36:49Z,FALSE
data/clean/rds/data_w7_contagiousness.rds,2026-08-03T01:36:49Z,2026-08-03T01:36:49Z,FALSE
data/clean/rds/data_w7_doctordelta.rds,2026-08-03T01:36:49Z,2026-08-03T01:36:49Z,FALSE
data/clean/rds/data_w8_adult_booster.rds,2026-08-03T01:36:49Z,2026-08-03T01:36:49Z,FALSE
data/clean/rds/data_w8_bivalent_all.rds,2026-08-03T01:36:49Z,2026-08-03T01:36:49Z,FALSE
data/clean/rds/data_w8_child_booster.rds,2026-08-03T01:36:49Z,2026-08-03T01:36:49Z,FALSE
data/clean/rds/data_w8_child_vaccine.rds,2026-08-03T01:36:49Z,2026-08-03T01:36:49Z,FALSE
metadata/contrasts.csv,2026-08-03T01:36:49Z,2026-08-03T01:36:49Z,FALSE
