pass,script,status,seconds,message
as_shipped,code/analysis/run_models_w3_endorse.R,ok,3,
as_shipped,code/analysis/run_models_w3_endorse_by_arm.R,ok,3.2,
as_shipped,code/analysis/run_models_w3_endorse_cate_by_party.R,ok,3,
as_shipped,code/analysis/run_models_w5_endorse.R,ok,3,
as_shipped,code/analysis/run_models_w5_endorse_cate_by_party.R,ok,3,
as_shipped,code/analysis/run_models_w6_cdcmask.R,ok,3.3,
as_shipped,code/analysis/run_models_w6_cdcmask_cate_by_party.R,ok,3,
as_shipped,code/analysis/run_models_w6_vignette.R,ok,3.9,
as_shipped,code/analysis/run_models_w6_vignette_cate_by_party.R,ok,4.3,
as_shipped,code/analysis/run_models_w7_cdcmask.R,ok,3.2,
as_shipped,code/analysis/run_models_w7_cdcmask_cate_by_party.R,ok,3.1,
as_shipped,code/analysis/run_models_w7_contagiousness.R,ok,2.7,
as_shipped,code/analysis/run_models_w7_contagiousness_cate_by_party.R,ok,2.8,
as_shipped,code/analysis/run_models_w7_doctordelta.R,ok,2.5,
as_shipped,code/analysis/run_models_w7_doctordelta_cate_by_party.R,ok,2.7,
as_shipped,code/analysis/run_models_w8_adult_booster.R,ok,2.5,
as_shipped,code/analysis/run_models_w8_adult_booster_cate_by_party.R,ok,3.1,
as_shipped,code/analysis/run_models_w8_child_booster.R,ok,2.6,
as_shipped,code/analysis/run_models_w8_child_booster_cate_by_party.R,ok,2.9,
as_shipped,code/analysis/run_models_w8_child_vaccine.R,ok,2.6,
as_shipped,code/analysis/run_models_w8_child_vaccine_cate_by_party.R,ok,2.7,
as_shipped,code/analysis/unweighted/run_models_w3_endorse_uw.R,ok,2.9,
as_shipped,code/analysis/unweighted/run_models_w3_endorse_by_arm_uw.R,ok,3.3,
as_shipped,code/analysis/unweighted/run_models_w3_endorse_cate_by_party_uw.R,ok,2.9,
as_shipped,code/analysis/unweighted/run_models_w5_endorse_uw.R,ok,2.9,
as_shipped,code/analysis/unweighted/run_models_w5_endorse_cate_by_party_uw.R,ok,2.9,
as_shipped,code/analysis/unweighted/run_models_w6_cdcmask_uw.R,ok,3,
as_shipped,code/analysis/unweighted/run_models_w6_cdcmask_cate_by_party_uw.R,ok,2.9,
as_shipped,code/analysis/unweighted/run_models_w6_vignette_uw.R,ok,3.6,
as_shipped,code/analysis/unweighted/run_models_w6_vignette_cate_by_party_uw.R,ok,3.5,
as_shipped,code/analysis/unweighted/run_models_w7_cdcmask_uw.R,ok,2.9,
as_shipped,code/analysis/unweighted/run_models_w7_cdcmask_cate_by_party_uw.R,ok,3,
as_shipped,code/analysis/unweighted/run_models_w7_contagiousness_uw.R,ok,2.6,
as_shipped,code/analysis/unweighted/run_models_w7_contagiousness_cate_by_party_uw.R,ok,2.8,
as_shipped,code/analysis/unweighted/run_models_w7_doctordelta_uw.R,ok,2.5,
as_shipped,code/analysis/unweighted/run_models_w7_doctordelta_cate_by_party_uw.R,ok,2.8,
as_shipped,code/analysis/unweighted/run_models_w8_adult_booster_uw.R,ok,2.5,
as_shipped,code/analysis/unweighted/run_models_w8_adult_booster_cate_by_party_uw.R,ok,2.8,
as_shipped,code/analysis/unweighted/run_models_w8_child_booster_uw.R,ok,2.5,
as_shipped,code/analysis/unweighted/run_models_w8_child_booster_cate_by_party_uw.R,ok,2.7,
as_shipped,code/analysis/unweighted/run_models_w8_child_vaccine_uw.R,ok,2.5,
as_shipped,code/analysis/unweighted/run_models_w8_child_vaccine_cate_by_party_uw.R,ok,2.6,
as_shipped,code/figures/figure_1.R,ok,3.9,
as_shipped,code/figures/figure_2.R,ok,3.9,
as_shipped,code/figures/figure_3.R,ok,4.5,
as_shipped,code/figures/figure_4.R,ok,3.1,
as_shipped,code/figures/figure_5.R,ok,2.4,
as_shipped,code/figures/figure_mini_meta.R,error,2.6,"Error in eval(ei, envir) : object 'four_colors' not found"
as_shipped,code/figures/appendix_figures_C1_C22.R,ok,20.1,
as_shipped,code/figures/appendix_figures_D24_D45.R,error,3.9,"Error in `method(update_ggplot, list(class_any, ggplot2::ggplot))`:"
as_shipped,code/figures/guidance_chi_sq.R,ok,3.9,
as_shipped,code/figures/appendix_figure_E46.R,ok,3.7,
as_shipped,code/tables/table_2.R,ok,3.8,
as_shipped,code/tables/table_3.R,ok,4.2,
as_shipped,code/tables/table_A1.R,ok,4.5,
as_shipped,code/tables/table_A2.R,ok,6.7,
as_shipped,code/tables/table_A3.R,ok,5,
as_shipped,code/tables/equiv_test_w3_endorse.R,ok,3.2,
as_shipped,code/tables/equiv_test_w5_endorse.R,ok,3.3,
as_shipped,code/tables/equiv_test_guidance.R,ok,3.1,
as_shipped,code/tables/equiv_test_guidance_vignette.R,ok,3.5,
as_shipped,code/tables/equiv_test_information.R,ok,3.2,
as_shipped,code/figures/appendix_figures_E48_E59.R,ok,12.1,
stripped,code/analysis/run_models_w3_endorse.R,ok,3,
stripped,code/analysis/run_models_w3_endorse_by_arm.R,ok,3.3,
stripped,code/analysis/run_models_w3_endorse_cate_by_party.R,ok,3.1,
stripped,code/analysis/run_models_w5_endorse.R,ok,3,
stripped,code/analysis/run_models_w5_endorse_cate_by_party.R,ok,3,
stripped,code/analysis/run_models_w6_cdcmask.R,ok,3.2,
stripped,code/analysis/run_models_w6_cdcmask_cate_by_party.R,ok,3.1,
stripped,code/analysis/run_models_w6_vignette.R,ok,4.1,
stripped,code/analysis/run_models_w6_vignette_cate_by_party.R,ok,4.2,
stripped,code/analysis/run_models_w7_cdcmask.R,ok,3.2,
stripped,code/analysis/run_models_w7_cdcmask_cate_by_party.R,ok,3.4,
stripped,code/analysis/run_models_w7_contagiousness.R,ok,3,
stripped,code/analysis/run_models_w7_contagiousness_cate_by_party.R,ok,3.1,
stripped,code/analysis/run_models_w7_doctordelta.R,ok,2.7,
stripped,code/analysis/run_models_w7_doctordelta_cate_by_party.R,ok,2.9,
stripped,code/analysis/run_models_w8_adult_booster.R,ok,2.8,
stripped,code/analysis/run_models_w8_adult_booster_cate_by_party.R,ok,2.9,
stripped,code/analysis/run_models_w8_child_booster.R,ok,2.7,
stripped,code/analysis/run_models_w8_child_booster_cate_by_party.R,ok,3,
stripped,code/analysis/run_models_w8_child_vaccine.R,ok,2.7,
stripped,code/analysis/run_models_w8_child_vaccine_cate_by_party.R,ok,2.9,
stripped,code/analysis/unweighted/run_models_w3_endorse_uw.R,ok,3.2,
stripped,code/analysis/unweighted/run_models_w3_endorse_by_arm_uw.R,ok,3.4,
stripped,code/analysis/unweighted/run_models_w3_endorse_cate_by_party_uw.R,ok,3.3,
stripped,code/analysis/unweighted/run_models_w5_endorse_uw.R,ok,3.3,
stripped,code/analysis/unweighted/run_models_w5_endorse_cate_by_party_uw.R,ok,3,
stripped,code/analysis/unweighted/run_models_w6_cdcmask_uw.R,ok,3.3,
stripped,code/analysis/unweighted/run_models_w6_cdcmask_cate_by_party_uw.R,ok,2.7,
stripped,code/analysis/unweighted/run_models_w6_vignette_uw.R,ok,2.5,
stripped,code/analysis/unweighted/run_models_w6_vignette_cate_by_party_uw.R,ok,3.3,
stripped,code/analysis/unweighted/run_models_w7_cdcmask_uw.R,ok,3.1,
stripped,code/analysis/unweighted/run_models_w7_cdcmask_cate_by_party_uw.R,ok,3.1,
stripped,code/analysis/unweighted/run_models_w7_contagiousness_uw.R,ok,2.6,
stripped,code/analysis/unweighted/run_models_w7_contagiousness_cate_by_party_uw.R,ok,3,
stripped,code/analysis/unweighted/run_models_w7_doctordelta_uw.R,ok,2.7,
stripped,code/analysis/unweighted/run_models_w7_doctordelta_cate_by_party_uw.R,ok,3,
stripped,code/analysis/unweighted/run_models_w8_adult_booster_uw.R,ok,2.8,
stripped,code/analysis/unweighted/run_models_w8_adult_booster_cate_by_party_uw.R,ok,3,
stripped,code/analysis/unweighted/run_models_w8_child_booster_uw.R,ok,2.6,
stripped,code/analysis/unweighted/run_models_w8_child_booster_cate_by_party_uw.R,ok,2.9,
stripped,code/analysis/unweighted/run_models_w8_child_vaccine_uw.R,ok,2.5,
stripped,code/analysis/unweighted/run_models_w8_child_vaccine_cate_by_party_uw.R,ok,2.9,
stripped,code/figures/figure_1.R,ok,4.1,
stripped,code/figures/figure_2.R,error,2.6,"Error in readRDS(con, refhook = refhook) : cannot open the connection"
stripped,code/figures/figure_3.R,ok,4.9,
stripped,code/figures/figure_4.R,error,2.6,"Error in gzfile(file, ""rb"") : cannot open the connection"
stripped,code/figures/figure_5.R,ok,4.1,
stripped,code/figures/figure_mini_meta.R,error,2.4,"Error in readRDS(con, refhook = refhook) : cannot open the connection"
stripped,code/figures/appendix_figures_C1_C22.R,ok,20.2,
stripped,code/figures/appendix_figures_D24_D45.R,error,4,"Error in `method(update_ggplot, list(class_any, ggplot2::ggplot))`:"
stripped,code/figures/guidance_chi_sq.R,ok,4,
stripped,code/figures/appendix_figure_E46.R,error,2.4,"Error in readRDS(con, refhook = refhook) : cannot open the connection"
stripped,code/tables/table_2.R,error,2.9,"Error in gzfile(file, ""rb"") : cannot open the connection"
stripped,code/tables/table_3.R,error,2.9,"Error in gzfile(file, ""rb"") : cannot open the connection"
stripped,code/tables/table_A1.R,error,2.8,"Error in gzfile(file, ""rb"") : cannot open the connection"
stripped,code/tables/table_A2.R,error,3,"Error in gzfile(file, ""rb"") : cannot open the connection"
stripped,code/tables/table_A3.R,error,2.6,"Error in gzfile(file, ""rb"") : cannot open the connection"
stripped,code/tables/equiv_test_w3_endorse.R,error,2.7,"Error in gzfile(file, ""rb"") : cannot open the connection"
stripped,code/tables/equiv_test_w5_endorse.R,error,2.9,Error in `map()`:
stripped,code/tables/equiv_test_guidance.R,error,2.9,Error in `map()`:
stripped,code/tables/equiv_test_guidance_vignette.R,error,2.7,"Error in gzfile(file, ""rb"") : cannot open the connection"
stripped,code/tables/equiv_test_information.R,error,2.9,Error in `map()`:
stripped,code/figures/appendix_figures_E48_E59.R,ok,12,
