float,ground_truth_rows,reason
Table 1,10,
Table 2,20,
Table 3,50,
Figure 1,32,
Figure 2,2,
Figure 3,32,
Figure 4,1,
Figure 5,32,
Appendix Table S1,70,
Appendix Table S2,80,
Appendix Table S3,80,
Appendix Table S4,40,
Appendix Figure S1,0,"Section C of the appendix plots group means and average causal effects for one experimental contrast per figure, in the same two-panel form as Figures 1, 3 and 5. The panels print no numbers and the coefficients behind them are those of appendix Tables S1 to S4, which the rows above verify cell by cell. The rewrite does not redraw them."
Appendix Figure S2,0,"Section C of the appendix plots group means and average causal effects for one experimental contrast per figure, in the same two-panel form as Figures 1, 3 and 5. The panels print no numbers and the coefficients behind them are those of appendix Tables S1 to S4, which the rows above verify cell by cell. The rewrite does not redraw them."
Appendix Figure S3,0,"Section C of the appendix plots group means and average causal effects for one experimental contrast per figure, in the same two-panel form as Figures 1, 3 and 5. The panels print no numbers and the coefficients behind them are those of appendix Tables S1 to S4, which the rows above verify cell by cell. The rewrite does not redraw them."
Appendix Figure S4,0,"Section C of the appendix plots group means and average causal effects for one experimental contrast per figure, in the same two-panel form as Figures 1, 3 and 5. The panels print no numbers and the coefficients behind them are those of appendix Tables S1 to S4, which the rows above verify cell by cell. The rewrite does not redraw them."
Appendix Figure S5,0,"Section C of the appendix plots group means and average causal effects for one experimental contrast per figure, in the same two-panel form as Figures 1, 3 and 5. The panels print no numbers and the coefficients behind them are those of appendix Tables S1 to S4, which the rows above verify cell by cell. The rewrite does not redraw them."
Appendix Figure S6,0,"Section C of the appendix plots group means and average causal effects for one experimental contrast per figure, in the same two-panel form as Figures 1, 3 and 5. The panels print no numbers and the coefficients behind them are those of appendix Tables S1 to S4, which the rows above verify cell by cell. The rewrite does not redraw them."
Appendix Figure S7,0,"Section C of the appendix plots group means and average causal effects for one experimental contrast per figure, in the same two-panel form as Figures 1, 3 and 5. The panels print no numbers and the coefficients behind them are those of appendix Tables S1 to S4, which the rows above verify cell by cell. The rewrite does not redraw them."
Appendix Figure S8,0,"Section C of the appendix plots group means and average causal effects for one experimental contrast per figure, in the same two-panel form as Figures 1, 3 and 5. The panels print no numbers and the coefficients behind them are those of appendix Tables S1 to S4, which the rows above verify cell by cell. The rewrite does not redraw them."
Appendix Figure S9,0,"Section C of the appendix plots group means and average causal effects for one experimental contrast per figure, in the same two-panel form as Figures 1, 3 and 5. The panels print no numbers and the coefficients behind them are those of appendix Tables S1 to S4, which the rows above verify cell by cell. The rewrite does not redraw them."
Appendix Figure S10,0,"Section C of the appendix plots group means and average causal effects for one experimental contrast per figure, in the same two-panel form as Figures 1, 3 and 5. The panels print no numbers and the coefficients behind them are those of appendix Tables S1 to S4, which the rows above verify cell by cell. The rewrite does not redraw them."
Appendix Figure S11,0,"Section C of the appendix plots group means and average causal effects for one experimental contrast per figure, in the same two-panel form as Figures 1, 3 and 5. The panels print no numbers and the coefficients behind them are those of appendix Tables S1 to S4, which the rows above verify cell by cell. The rewrite does not redraw them."
Appendix Figure S12,0,"Section C of the appendix plots group means and average causal effects for one experimental contrast per figure, in the same two-panel form as Figures 1, 3 and 5. The panels print no numbers and the coefficients behind them are those of appendix Tables S1 to S4, which the rows above verify cell by cell. The rewrite does not redraw them."
Appendix Figure S13,0,"Section C of the appendix plots group means and average causal effects for one experimental contrast per figure, in the same two-panel form as Figures 1, 3 and 5. The panels print no numbers and the coefficients behind them are those of appendix Tables S1 to S4, which the rows above verify cell by cell. The rewrite does not redraw them."
Appendix Figure S14,0,"Section C of the appendix plots group means and average causal effects for one experimental contrast per figure, in the same two-panel form as Figures 1, 3 and 5. The panels print no numbers and the coefficients behind them are those of appendix Tables S1 to S4, which the rows above verify cell by cell. The rewrite does not redraw them."
Appendix Figure S15,0,"Section C of the appendix plots group means and average causal effects for one experimental contrast per figure, in the same two-panel form as Figures 1, 3 and 5. The panels print no numbers and the coefficients behind them are those of appendix Tables S1 to S4, which the rows above verify cell by cell. The rewrite does not redraw them."
Appendix Figure S16,0,"Section C of the appendix plots group means and average causal effects for one experimental contrast per figure, in the same two-panel form as Figures 1, 3 and 5. The panels print no numbers and the coefficients behind them are those of appendix Tables S1 to S4, which the rows above verify cell by cell. The rewrite does not redraw them."
Appendix Figure S17,0,"Section C of the appendix plots group means and average causal effects for one experimental contrast per figure, in the same two-panel form as Figures 1, 3 and 5. The panels print no numbers and the coefficients behind them are those of appendix Tables S1 to S4, which the rows above verify cell by cell. The rewrite does not redraw them."
Appendix Figure S18,0,"Section C of the appendix plots group means and average causal effects for one experimental contrast per figure, in the same two-panel form as Figures 1, 3 and 5. The panels print no numbers and the coefficients behind them are those of appendix Tables S1 to S4, which the rows above verify cell by cell. The rewrite does not redraw them."
Appendix Figure S19,0,"Section C of the appendix plots group means and average causal effects for one experimental contrast per figure, in the same two-panel form as Figures 1, 3 and 5. The panels print no numbers and the coefficients behind them are those of appendix Tables S1 to S4, which the rows above verify cell by cell. The rewrite does not redraw them."
Appendix Figure S20,0,"Section C of the appendix plots group means and average causal effects for one experimental contrast per figure, in the same two-panel form as Figures 1, 3 and 5. The panels print no numbers and the coefficients behind them are those of appendix Tables S1 to S4, which the rows above verify cell by cell. The rewrite does not redraw them."
Appendix Figure S21,0,"Section C of the appendix plots group means and average causal effects for one experimental contrast per figure, in the same two-panel form as Figures 1, 3 and 5. The panels print no numbers and the coefficients behind them are those of appendix Tables S1 to S4, which the rows above verify cell by cell. The rewrite does not redraw them."
Appendix Figure S22,0,"Section C of the appendix plots group means and average causal effects for one experimental contrast per figure, in the same two-panel form as Figures 1, 3 and 5. The panels print no numbers and the coefficients behind them are those of appendix Tables S1 to S4, which the rows above verify cell by cell. The rewrite does not redraw them."
Appendix Figure S23,0,"Section D of the appendix repeats the same panels among respondents a machine-learning model predicts will remain unvaccinated. The rewrite does not refit that prediction model, and the deposited script that draws these figures fails."
Appendix Figure S24,0,"Section D of the appendix repeats the same panels among respondents a machine-learning model predicts will remain unvaccinated. The rewrite does not refit that prediction model, and the deposited script that draws these figures fails."
Appendix Figure S25,0,"Section D of the appendix repeats the same panels among respondents a machine-learning model predicts will remain unvaccinated. The rewrite does not refit that prediction model, and the deposited script that draws these figures fails."
Appendix Figure S26,0,"Section D of the appendix repeats the same panels among respondents a machine-learning model predicts will remain unvaccinated. The rewrite does not refit that prediction model, and the deposited script that draws these figures fails."
Appendix Figure S27,0,"Section D of the appendix repeats the same panels among respondents a machine-learning model predicts will remain unvaccinated. The rewrite does not refit that prediction model, and the deposited script that draws these figures fails."
Appendix Figure S28,0,"Section D of the appendix repeats the same panels among respondents a machine-learning model predicts will remain unvaccinated. The rewrite does not refit that prediction model, and the deposited script that draws these figures fails."
Appendix Figure S29,0,"Section D of the appendix repeats the same panels among respondents a machine-learning model predicts will remain unvaccinated. The rewrite does not refit that prediction model, and the deposited script that draws these figures fails."
Appendix Figure S30,0,"Section D of the appendix repeats the same panels among respondents a machine-learning model predicts will remain unvaccinated. The rewrite does not refit that prediction model, and the deposited script that draws these figures fails."
Appendix Figure S31,0,"Section D of the appendix repeats the same panels among respondents a machine-learning model predicts will remain unvaccinated. The rewrite does not refit that prediction model, and the deposited script that draws these figures fails."
Appendix Figure S32,0,"Section D of the appendix repeats the same panels among respondents a machine-learning model predicts will remain unvaccinated. The rewrite does not refit that prediction model, and the deposited script that draws these figures fails."
Appendix Figure S33,0,"Section D of the appendix repeats the same panels among respondents a machine-learning model predicts will remain unvaccinated. The rewrite does not refit that prediction model, and the deposited script that draws these figures fails."
Appendix Figure S34,0,"Section D of the appendix repeats the same panels among respondents a machine-learning model predicts will remain unvaccinated. The rewrite does not refit that prediction model, and the deposited script that draws these figures fails."
Appendix Figure S35,0,"Section D of the appendix repeats the same panels among respondents a machine-learning model predicts will remain unvaccinated. The rewrite does not refit that prediction model, and the deposited script that draws these figures fails."
Appendix Figure S36,0,"Section D of the appendix repeats the same panels among respondents a machine-learning model predicts will remain unvaccinated. The rewrite does not refit that prediction model, and the deposited script that draws these figures fails."
Appendix Figure S37,0,"Section D of the appendix repeats the same panels among respondents a machine-learning model predicts will remain unvaccinated. The rewrite does not refit that prediction model, and the deposited script that draws these figures fails."
Appendix Figure S38,0,"Section D of the appendix repeats the same panels among respondents a machine-learning model predicts will remain unvaccinated. The rewrite does not refit that prediction model, and the deposited script that draws these figures fails."
Appendix Figure S39,0,"Section D of the appendix repeats the same panels among respondents a machine-learning model predicts will remain unvaccinated. The rewrite does not refit that prediction model, and the deposited script that draws these figures fails."
Appendix Figure S40,0,"Section D of the appendix repeats the same panels among respondents a machine-learning model predicts will remain unvaccinated. The rewrite does not refit that prediction model, and the deposited script that draws these figures fails."
Appendix Figure S41,0,"Section D of the appendix repeats the same panels among respondents a machine-learning model predicts will remain unvaccinated. The rewrite does not refit that prediction model, and the deposited script that draws these figures fails."
Appendix Figure S42,0,"Section D of the appendix repeats the same panels among respondents a machine-learning model predicts will remain unvaccinated. The rewrite does not refit that prediction model, and the deposited script that draws these figures fails."
Appendix Figure S43,0,"Section D of the appendix repeats the same panels among respondents a machine-learning model predicts will remain unvaccinated. The rewrite does not refit that prediction model, and the deposited script that draws these figures fails."
Appendix Figure S44,0,"Section D of the appendix repeats the same panels among respondents a machine-learning model predicts will remain unvaccinated. The rewrite does not refit that prediction model, and the deposited script that draws these figures fails."
Appendix Figure S45,0,"Section D of the appendix repeats the same panels among respondents a machine-learning model predicts will remain unvaccinated. The rewrite does not refit that prediction model, and the deposited script that draws these figures fails."
Appendix Figure S46,0,A comparison of weighted with unweighted estimates. The rewrite fits the weighted models the main text reports and does not refit every model unweighted.
Appendix Figure S47,1,
Appendix Figure S48,0,Section E of the appendix plots conditional average treatment effects and differences in conditional average treatment effects by party for the mandate vignettes. The rewrite does not redraw them; the deposited script that draws them is never sourced by the deposit's own code/main.R.
Appendix Figure S49,0,Section E of the appendix plots conditional average treatment effects and differences in conditional average treatment effects by party for the mandate vignettes. The rewrite does not redraw them; the deposited script that draws them is never sourced by the deposit's own code/main.R.
Appendix Figure S50,0,Section E of the appendix plots conditional average treatment effects and differences in conditional average treatment effects by party for the mandate vignettes. The rewrite does not redraw them; the deposited script that draws them is never sourced by the deposit's own code/main.R.
Appendix Figure S51,0,Section E of the appendix plots conditional average treatment effects and differences in conditional average treatment effects by party for the mandate vignettes. The rewrite does not redraw them; the deposited script that draws them is never sourced by the deposit's own code/main.R.
Appendix Figure S52,0,Section E of the appendix plots conditional average treatment effects and differences in conditional average treatment effects by party for the mandate vignettes. The rewrite does not redraw them; the deposited script that draws them is never sourced by the deposit's own code/main.R.
Appendix Figure S53,0,Section E of the appendix plots conditional average treatment effects and differences in conditional average treatment effects by party for the mandate vignettes. The rewrite does not redraw them; the deposited script that draws them is never sourced by the deposit's own code/main.R.
Appendix Figure S54,0,Section E of the appendix plots conditional average treatment effects and differences in conditional average treatment effects by party for the mandate vignettes. The rewrite does not redraw them; the deposited script that draws them is never sourced by the deposit's own code/main.R.
Appendix Figure S55,0,Section E of the appendix plots conditional average treatment effects and differences in conditional average treatment effects by party for the mandate vignettes. The rewrite does not redraw them; the deposited script that draws them is never sourced by the deposit's own code/main.R.
Appendix Figure S56,0,Section E of the appendix plots conditional average treatment effects and differences in conditional average treatment effects by party for the mandate vignettes. The rewrite does not redraw them; the deposited script that draws them is never sourced by the deposit's own code/main.R.
Appendix Figure S57,0,Section E of the appendix plots conditional average treatment effects and differences in conditional average treatment effects by party for the mandate vignettes. The rewrite does not redraw them; the deposited script that draws them is never sourced by the deposit's own code/main.R.
Appendix Figure S58,0,Section E of the appendix plots conditional average treatment effects and differences in conditional average treatment effects by party for the mandate vignettes. The rewrite does not redraw them; the deposited script that draws them is never sourced by the deposit's own code/main.R.
Appendix Figure S59,0,Section E of the appendix plots conditional average treatment effects and differences in conditional average treatment effects by party for the mandate vignettes. The rewrite does not redraw them; the deposited script that draws them is never sourced by the deposit's own code/main.R.
Appendix Figure S60,0,Section E of the appendix plots conditional average treatment effects and differences in conditional average treatment effects by party for the mandate vignettes. The rewrite does not redraw them; the deposited script that draws them is never sourced by the deposit's own code/main.R.
Appendix Figure S61,0,Section E of the appendix plots conditional average treatment effects and differences in conditional average treatment effects by party for the mandate vignettes. The rewrite does not redraw them; the deposited script that draws them is never sourced by the deposit's own code/main.R.
Appendix Figure S62,0,A meta-analysis collecting the average treatment effects and interaction terms of every experiment. The deposited script that draws it fails.
