float,contrast,subgroup,estimator,value_estimate,value_std.error
Appendix Figure S1,E-1: Trump,Full sample,DIM,-9.5,2.8
Appendix Figure S1,E-1: Trump,Full sample,OLS,-9.2,2.6
Appendix Figure S1,E-1: Trump,Strong Republican,DIM,16.2,5.3
Appendix Figure S1,E-1: Trump,Strong Republican,OLS,14.7,4.4
Appendix Figure S1,E-1: Trump,Weak Republican,DIM,3.0,7.7
Appendix Figure S1,E-1: Trump,Weak Republican,OLS,5.8,6.3
Appendix Figure S1,E-1: Trump,Lean Republican,DIM,1.4,11.2
Appendix Figure S1,E-1: Trump,Lean Republican,OLS,-10.6,10.1
Appendix Figure S1,E-1: Trump,Independent,DIM,-5.2,7.2
Appendix Figure S1,E-1: Trump,Independent,OLS,-1.3,6.1
Appendix Figure S1,E-1: Trump,Lean Democrat,DIM,-19.6,9.1
Appendix Figure S1,E-1: Trump,Lean Democrat,OLS,-18.5,7.4
Appendix Figure S1,E-1: Trump,Weak Democrat,DIM,-31.5,8.0
Appendix Figure S1,E-1: Trump,Weak Democrat,OLS,-34.0,6.6
Appendix Figure S1,E-1: Trump,Strong Democrat,DIM,-29.4,5.6
Appendix Figure S1,E-1: Trump,Strong Democrat,OLS,-27.2,5.0
Appendix Figure S2,E-1: Fauci,Full sample,DIM,5.0,2.7
Appendix Figure S2,E-1: Fauci,Full sample,OLS,5.5,2.4
Appendix Figure S2,E-1: Fauci,Strong Republican,DIM,1.0,5.7
Appendix Figure S2,E-1: Fauci,Strong Republican,OLS,0.8,4.3
Appendix Figure S2,E-1: Fauci,Weak Republican,DIM,10.2,7.3
Appendix Figure S2,E-1: Fauci,Weak Republican,OLS,11.2,6.1
Appendix Figure S2,E-1: Fauci,Lean Republican,DIM,9.0,10.8
Appendix Figure S2,E-1: Fauci,Lean Republican,OLS,5.6,8.7
Appendix Figure S2,E-1: Fauci,Independent,DIM,6.9,7.1
Appendix Figure S2,E-1: Fauci,Independent,OLS,9.7,5.9
Appendix Figure S2,E-1: Fauci,Lean Democrat,DIM,-2.9,8.3
Appendix Figure S2,E-1: Fauci,Lean Democrat,OLS,3.3,6.2
Appendix Figure S2,E-1: Fauci,Weak Democrat,DIM,10.9,7.5
Appendix Figure S2,E-1: Fauci,Weak Democrat,OLS,8.5,6.5
Appendix Figure S2,E-1: Fauci,Strong Democrat,DIM,5.9,5.2
Appendix Figure S2,E-1: Fauci,Strong Democrat,OLS,6.9,4.4
Appendix Figure S3,E-1: Trump and Fauci,Full sample,DIM,-3.7,2.8
Appendix Figure S3,E-1: Trump and Fauci,Full sample,OLS,-3.5,2.5
Appendix Figure S3,E-1: Trump and Fauci,Strong Republican,DIM,8.7,5.4
Appendix Figure S3,E-1: Trump and Fauci,Strong Republican,OLS,4.8,4.4
Appendix Figure S3,E-1: Trump and Fauci,Weak Republican,DIM,6.2,7.5
Appendix Figure S3,E-1: Trump and Fauci,Weak Republican,OLS,4.8,6.4
Appendix Figure S3,E-1: Trump and Fauci,Lean Republican,DIM,0.6,10.6
Appendix Figure S3,E-1: Trump and Fauci,Lean Republican,OLS,-5.6,8.6
Appendix Figure S3,E-1: Trump and Fauci,Independent,DIM,-0.3,7.1
Appendix Figure S3,E-1: Trump and Fauci,Independent,OLS,3.9,6.0
Appendix Figure S3,E-1: Trump and Fauci,Lean Democrat,DIM,-7.3,9.1
Appendix Figure S3,E-1: Trump and Fauci,Lean Democrat,OLS,-3.6,8.0
Appendix Figure S3,E-1: Trump and Fauci,Weak Democrat,DIM,-13.4,8.1
Appendix Figure S3,E-1: Trump and Fauci,Weak Democrat,OLS,-15.6,6.6
Appendix Figure S3,E-1: Trump and Fauci,Strong Democrat,DIM,-12.4,5.8
Appendix Figure S3,E-1: Trump and Fauci,Strong Democrat,OLS,-10.3,4.7
Appendix Figure S4,E-1: Physician,Full sample,DIM,1.7,2.7
Appendix Figure S4,E-1: Physician,Full sample,OLS,2.4,2.5
Appendix Figure S4,E-1: Physician,Strong Republican,DIM,2.5,5.6
Appendix Figure S4,E-1: Physician,Strong Republican,OLS,0.3,4.6
Appendix Figure S4,E-1: Physician,Weak Republican,DIM,-6.2,8.0
Appendix Figure S4,E-1: Physician,Weak Republican,OLS,-5.3,6.6
Appendix Figure S4,E-1: Physician,Lean Republican,DIM,27.1,10.4
Appendix Figure S4,E-1: Physician,Lean Republican,OLS,7.9,8.6
Appendix Figure S4,E-1: Physician,Independent,DIM,5.2,7.1
Appendix Figure S4,E-1: Physician,Independent,OLS,5.5,5.5
Appendix Figure S4,E-1: Physician,Lean Democrat,DIM,4.5,8.5
Appendix Figure S4,E-1: Physician,Lean Democrat,OLS,8.4,7.3
Appendix Figure S4,E-1: Physician,Weak Democrat,DIM,-0.6,7.8
Appendix Figure S4,E-1: Physician,Weak Democrat,OLS,-2.5,6.3
Appendix Figure S4,E-1: Physician,Strong Democrat,DIM,-5.0,5.5
Appendix Figure S4,E-1: Physician,Strong Democrat,OLS,-3.8,4.9
Appendix Figure S5,E-1: Pharmacy,Full sample,DIM,2.4,2.7
Appendix Figure S5,E-1: Pharmacy,Full sample,OLS,3.9,2.5
Appendix Figure S5,E-1: Pharmacy,Strong Republican,DIM,7.6,5.6
Appendix Figure S5,E-1: Pharmacy,Strong Republican,OLS,6.3,4.4
Appendix Figure S5,E-1: Pharmacy,Weak Republican,DIM,-7.7,8.2
Appendix Figure S5,E-1: Pharmacy,Weak Republican,OLS,-5.4,6.3
Appendix Figure S5,E-1: Pharmacy,Lean Republican,DIM,13.8,11.1
Appendix Figure S5,E-1: Pharmacy,Lean Republican,OLS,-0.3,8.8
Appendix Figure S5,E-1: Pharmacy,Independent,DIM,-0.1,7.0
Appendix Figure S5,E-1: Pharmacy,Independent,OLS,7.8,6.0
Appendix Figure S5,E-1: Pharmacy,Lean Democrat,DIM,3.0,7.6
Appendix Figure S5,E-1: Pharmacy,Lean Democrat,OLS,10.9,6.8
Appendix Figure S5,E-1: Pharmacy,Weak Democrat,DIM,5.6,7.4
Appendix Figure S5,E-1: Pharmacy,Weak Democrat,OLS,5.3,6.1
Appendix Figure S5,E-1: Pharmacy,Strong Democrat,DIM,-0.6,5.3
Appendix Figure S5,E-1: Pharmacy,Strong Democrat,OLS,0.8,4.6
Appendix Figure S6,E-1: Insurance,Full sample,DIM,3.2,2.7
Appendix Figure S6,E-1: Insurance,Full sample,OLS,3.3,2.5
Appendix Figure S6,E-1: Insurance,Strong Republican,DIM,11.4,5.2
Appendix Figure S6,E-1: Insurance,Strong Republican,OLS,6.4,4.3
Appendix Figure S6,E-1: Insurance,Weak Republican,DIM,-0.4,7.8
Appendix Figure S6,E-1: Insurance,Weak Republican,OLS,-2.0,6.4
Appendix Figure S6,E-1: Insurance,Lean Republican,DIM,17.9,11.4
Appendix Figure S6,E-1: Insurance,Lean Republican,OLS,21.4,9.6
Appendix Figure S6,E-1: Insurance,Independent,DIM,2.4,7.0
Appendix Figure S6,E-1: Insurance,Independent,OLS,3.9,6.1
Appendix Figure S6,E-1: Insurance,Lean Democrat,DIM,-9.1,8.6
Appendix Figure S6,E-1: Insurance,Lean Democrat,OLS,-4.6,6.9
Appendix Figure S6,E-1: Insurance,Weak Democrat,DIM,-2.1,7.9
Appendix Figure S6,E-1: Insurance,Weak Democrat,OLS,-2.6,6.1
Appendix Figure S6,E-1: Insurance,Strong Democrat,DIM,1.6,5.3
Appendix Figure S6,E-1: Insurance,Strong Democrat,OLS,3.7,4.8
Appendix Figure S7,E-1: Spiritual Leader,Full sample,DIM,-4.6,2.8
Appendix Figure S7,E-1: Spiritual Leader,Full sample,OLS,-4.7,2.5
Appendix Figure S7,E-1: Spiritual Leader,Strong Republican,DIM,8.8,5.5
Appendix Figure S7,E-1: Spiritual Leader,Strong Republican,OLS,7.1,4.4
Appendix Figure S7,E-1: Spiritual Leader,Weak Republican,DIM,-9.6,7.7
Appendix Figure S7,E-1: Spiritual Leader,Weak Republican,OLS,-12.9,6.8
Appendix Figure S7,E-1: Spiritual Leader,Lean Republican,DIM,2.6,12.0
Appendix Figure S7,E-1: Spiritual Leader,Lean Republican,OLS,-9.4,9.4
Appendix Figure S7,E-1: Spiritual Leader,Independent,DIM,-1.4,7.2
Appendix Figure S7,E-1: Spiritual Leader,Independent,OLS,-0.4,6.0
Appendix Figure S7,E-1: Spiritual Leader,Lean Democrat,DIM,-13.6,8.9
Appendix Figure S7,E-1: Spiritual Leader,Lean Democrat,OLS,-10.1,6.9
Appendix Figure S7,E-1: Spiritual Leader,Weak Democrat,DIM,-2.8,7.9
Appendix Figure S7,E-1: Spiritual Leader,Weak Democrat,OLS,-4.7,6.1
Appendix Figure S7,E-1: Spiritual Leader,Strong Democrat,DIM,-16.3,5.7
Appendix Figure S7,E-1: Spiritual Leader,Strong Democrat,OLS,-13.4,4.9
Appendix Figure S8,E-2: Trump,Full sample,DIM,-5.5,3.9
Appendix Figure S8,E-2: Trump,Full sample,OLS,-4.7,3.6
Appendix Figure S8,E-2: Trump,Strong Republican,DIM,6.5,9.1
Appendix Figure S8,E-2: Trump,Strong Republican,OLS,-1.6,7.3
Appendix Figure S8,E-2: Trump,Weak Republican,DIM,-1.4,11.2
Appendix Figure S8,E-2: Trump,Weak Republican,OLS,-1.8,10.3
Appendix Figure S8,E-2: Trump,Lean Republican,DIM,0.8,14.2
Appendix Figure S8,E-2: Trump,Lean Republican,OLS,17.2,8.9
Appendix Figure S8,E-2: Trump,Independent,DIM,-5.5,8.7
Appendix Figure S8,E-2: Trump,Independent,OLS,-5.0,7.7
Appendix Figure S8,E-2: Trump,Lean Democrat,DIM,-24.4,12.6
Appendix Figure S8,E-2: Trump,Lean Democrat,OLS,12.5,9.6
Appendix Figure S8,E-2: Trump,Weak Democrat,DIM,-5.4,7.5
Appendix Figure S8,E-2: Trump,Weak Democrat,OLS,-5.9,6.5
Appendix Figure S8,E-2: Trump,Strong Democrat,DIM,-13.8,8.3
Appendix Figure S8,E-2: Trump,Strong Democrat,OLS,-16.7,6.0
Appendix Figure S9,E-2: Trump and Fauci,Full sample,DIM,-7.0,4.0
Appendix Figure S9,E-2: Trump and Fauci,Full sample,OLS,-6.4,3.6
Appendix Figure S9,E-2: Trump and Fauci,Strong Republican,DIM,-10.6,8.6
Appendix Figure S9,E-2: Trump and Fauci,Strong Republican,OLS,-12.8,6.9
Appendix Figure S9,E-2: Trump and Fauci,Weak Republican,DIM,-15.3,11.4
Appendix Figure S9,E-2: Trump and Fauci,Weak Republican,OLS,-6.9,9.7
Appendix Figure S9,E-2: Trump and Fauci,Lean Republican,DIM,2.7,13.6
Appendix Figure S9,E-2: Trump and Fauci,Lean Republican,OLS,21.2,11.6
Appendix Figure S9,E-2: Trump and Fauci,Independent,DIM,-0.5,8.8
Appendix Figure S9,E-2: Trump and Fauci,Independent,OLS,2.6,6.9
Appendix Figure S9,E-2: Trump and Fauci,Lean Democrat,DIM,-20.1,13.8
Appendix Figure S9,E-2: Trump and Fauci,Lean Democrat,OLS,-18.1,7.4
Appendix Figure S9,E-2: Trump and Fauci,Weak Democrat,DIM,-8.7,9.0
Appendix Figure S9,E-2: Trump and Fauci,Weak Democrat,OLS,-10.6,6.1
Appendix Figure S9,E-2: Trump and Fauci,Strong Democrat,DIM,1.4,7.5
Appendix Figure S9,E-2: Trump and Fauci,Strong Democrat,OLS,-3.7,5.1
Appendix Figure S10,E-2: Fauci,Full sample,DIM,-4.4,3.9
Appendix Figure S10,E-2: Fauci,Full sample,OLS,-3.2,3.5
Appendix Figure S10,E-2: Fauci,Strong Republican,DIM,0.2,9.0
Appendix Figure S10,E-2: Fauci,Strong Republican,OLS,-8.1,6.9
Appendix Figure S10,E-2: Fauci,Weak Republican,DIM,1.8,12.0
Appendix Figure S10,E-2: Fauci,Weak Republican,OLS,-0.7,8.4
Appendix Figure S10,E-2: Fauci,Lean Republican,DIM,-10.1,12.5
Appendix Figure S10,E-2: Fauci,Lean Republican,OLS,3.6,8.5
Appendix Figure S10,E-2: Fauci,Independent,DIM,-10.9,8.3
Appendix Figure S10,E-2: Fauci,Independent,OLS,-4.3,6.5
Appendix Figure S10,E-2: Fauci,Lean Democrat,DIM,-3.2,12.3
Appendix Figure S10,E-2: Fauci,Lean Democrat,OLS,24.2,10.4
Appendix Figure S10,E-2: Fauci,Weak Democrat,DIM,-12.0,8.8
Appendix Figure S10,E-2: Fauci,Weak Democrat,OLS,-11.2,7.6
Appendix Figure S10,E-2: Fauci,Strong Democrat,DIM,6.3,7.2
Appendix Figure S10,E-2: Fauci,Strong Democrat,OLS,2.1,5.3
Appendix Figure S11,E-2: Biden and Fauci,Full sample,DIM,-8.7,4.0
Appendix Figure S11,E-2: Biden and Fauci,Full sample,OLS,-5.6,3.6
Appendix Figure S11,E-2: Biden and Fauci,Strong Republican,DIM,-9.9,9.0
Appendix Figure S11,E-2: Biden and Fauci,Strong Republican,OLS,-27.8,7.0
Appendix Figure S11,E-2: Biden and Fauci,Weak Republican,DIM,1.4,12.1
Appendix Figure S11,E-2: Biden and Fauci,Weak Republican,OLS,-6.0,9.0
Appendix Figure S11,E-2: Biden and Fauci,Lean Republican,DIM,-20.4,12.3
Appendix Figure S11,E-2: Biden and Fauci,Lean Republican,OLS,-1.0,9.5
Appendix Figure S11,E-2: Biden and Fauci,Independent,DIM,-8.6,8.7
Appendix Figure S11,E-2: Biden and Fauci,Independent,OLS,-3.3,6.4
Appendix Figure S11,E-2: Biden and Fauci,Lean Democrat,DIM,-25.2,14.1
Appendix Figure S11,E-2: Biden and Fauci,Lean Democrat,OLS,-11.4,11.8
Appendix Figure S11,E-2: Biden and Fauci,Weak Democrat,DIM,-8.7,8.4
Appendix Figure S11,E-2: Biden and Fauci,Weak Democrat,OLS,-6.1,6.8
Appendix Figure S11,E-2: Biden and Fauci,Strong Democrat,DIM,-1.0,7.9
Appendix Figure S11,E-2: Biden and Fauci,Strong Democrat,OLS,1.3,6.1
Appendix Figure S12,E-2: Biden,Full sample,DIM,-13.2,4.1
Appendix Figure S12,E-2: Biden,Full sample,OLS,-9.7,3.6
Appendix Figure S12,E-2: Biden,Strong Republican,DIM,-20.6,8.4
Appendix Figure S12,E-2: Biden,Strong Republican,OLS,-24.2,6.6
Appendix Figure S12,E-2: Biden,Weak Republican,DIM,-4.2,11.7
Appendix Figure S12,E-2: Biden,Weak Republican,OLS,0.4,9.7
Appendix Figure S12,E-2: Biden,Lean Republican,DIM,-8.8,13.6
Appendix Figure S12,E-2: Biden,Lean Republican,OLS,-1.4,11.5
Appendix Figure S12,E-2: Biden,Independent,DIM,-18.5,8.4
Appendix Figure S12,E-2: Biden,Independent,OLS,-13.3,7.2
Appendix Figure S12,E-2: Biden,Lean Democrat,DIM,-5.6,12.1
Appendix Figure S12,E-2: Biden,Lean Democrat,OLS,10.2,10.1
Appendix Figure S12,E-2: Biden,Weak Democrat,DIM,-8.5,9.3
Appendix Figure S12,E-2: Biden,Weak Democrat,OLS,-13.6,6.8
Appendix Figure S12,E-2: Biden,Strong Democrat,DIM,0.7,7.7
Appendix Figure S12,E-2: Biden,Strong Democrat,OLS,3.1,5.2
Appendix Figure S13,E-2: Obama,Full sample,DIM,-13.4,4.0
Appendix Figure S13,E-2: Obama,Full sample,OLS,-10.9,3.5
Appendix Figure S13,E-2: Obama,Strong Republican,DIM,-10.9,8.4
Appendix Figure S13,E-2: Obama,Strong Republican,OLS,-19.3,6.6
Appendix Figure S13,E-2: Obama,Weak Republican,DIM,-17.4,11.9
Appendix Figure S13,E-2: Obama,Weak Republican,OLS,-8.3,9.4
Appendix Figure S13,E-2: Obama,Lean Republican,DIM,-35.4,11.9
Appendix Figure S13,E-2: Obama,Lean Republican,OLS,-23.0,7.7
Appendix Figure S13,E-2: Obama,Independent,DIM,-14.0,8.4
Appendix Figure S13,E-2: Obama,Independent,OLS,-9.7,6.2
Appendix Figure S13,E-2: Obama,Lean Democrat,DIM,-8.1,12.3
Appendix Figure S13,E-2: Obama,Lean Democrat,OLS,-6.0,9.6
Appendix Figure S13,E-2: Obama,Weak Democrat,DIM,-17.2,9.1
Appendix Figure S13,E-2: Obama,Weak Democrat,OLS,-27.3,8.9
Appendix Figure S13,E-2: Obama,Strong Democrat,DIM,-0.6,7.6
Appendix Figure S13,E-2: Obama,Strong Democrat,OLS,-4.3,5.4
Appendix Figure S14,E-2: James,Full sample,DIM,-5.8,3.9
Appendix Figure S14,E-2: James,Full sample,OLS,-3.0,3.5
Appendix Figure S14,E-2: James,Strong Republican,DIM,-9.9,8.8
Appendix Figure S14,E-2: James,Strong Republican,OLS,-16.4,7.0
Appendix Figure S14,E-2: James,Weak Republican,DIM,-3.3,11.5
Appendix Figure S14,E-2: James,Weak Republican,OLS,-5.1,9.7
Appendix Figure S14,E-2: James,Lean Republican,DIM,0.5,13.6
Appendix Figure S14,E-2: James,Lean Republican,OLS,11.3,7.9
Appendix Figure S14,E-2: James,Independent,DIM,-6.2,8.6
Appendix Figure S14,E-2: James,Independent,OLS,-0.3,7.1
Appendix Figure S14,E-2: James,Lean Democrat,DIM,-8.6,12.5
Appendix Figure S14,E-2: James,Lean Democrat,OLS,19.2,11.0
Appendix Figure S14,E-2: James,Weak Democrat,DIM,-2.4,6.9
Appendix Figure S14,E-2: James,Weak Democrat,OLS,2.1,5.7
Appendix Figure S14,E-2: James,Strong Democrat,DIM,-2.8,8.0
Appendix Figure S14,E-2: James,Strong Democrat,OLS,-4.9,5.6
Appendix Figure S15,E-2: Ramos,Full sample,DIM,-8.8,4.0
Appendix Figure S15,E-2: Ramos,Full sample,OLS,-5.5,3.6
Appendix Figure S15,E-2: Ramos,Strong Republican,DIM,-12.3,9.0
Appendix Figure S15,E-2: Ramos,Strong Republican,OLS,-25.8,7.0
Appendix Figure S15,E-2: Ramos,Weak Republican,DIM,-9.4,11.8
Appendix Figure S15,E-2: Ramos,Weak Republican,OLS,-8.2,7.9
Appendix Figure S15,E-2: Ramos,Lean Republican,DIM,-4.7,14.3
Appendix Figure S15,E-2: Ramos,Lean Republican,OLS,-2.7,8.8
Appendix Figure S15,E-2: Ramos,Independent,DIM,-14.6,8.5
Appendix Figure S15,E-2: Ramos,Independent,OLS,-10.8,6.9
Appendix Figure S15,E-2: Ramos,Lean Democrat,DIM,-13.7,12.9
Appendix Figure S15,E-2: Ramos,Lean Democrat,OLS,-15.8,7.7
Appendix Figure S15,E-2: Ramos,Weak Democrat,DIM,-17.3,9.9
Appendix Figure S15,E-2: Ramos,Weak Democrat,OLS,-15.3,7.8
Appendix Figure S15,E-2: Ramos,Strong Democrat,DIM,8.5,7.0
Appendix Figure S15,E-2: Ramos,Strong Democrat,OLS,10.9,4.5
Appendix Figure S16,G-1: Less restrictive mask guidance,Full sample,DIM,6.0,0.7
Appendix Figure S16,G-1: Less restrictive mask guidance,Full sample,OLS,6.0,0.7
Appendix Figure S16,G-1: Less restrictive mask guidance,Strong Republican,DIM,4.6,1.7
Appendix Figure S16,G-1: Less restrictive mask guidance,Strong Republican,OLS,4.9,1.6
Appendix Figure S16,G-1: Less restrictive mask guidance,Weak Republican,DIM,4.5,2.3
Appendix Figure S16,G-1: Less restrictive mask guidance,Weak Republican,OLS,5.2,2.2
Appendix Figure S16,G-1: Less restrictive mask guidance,Lean Republican,DIM,12.4,2.7
Appendix Figure S16,G-1: Less restrictive mask guidance,Lean Republican,OLS,11.5,2.6
Appendix Figure S16,G-1: Less restrictive mask guidance,Independent,DIM,6.6,1.7
Appendix Figure S16,G-1: Less restrictive mask guidance,Independent,OLS,6.6,1.7
Appendix Figure S16,G-1: Less restrictive mask guidance,Lean Democrat,DIM,9.4,2.7
Appendix Figure S16,G-1: Less restrictive mask guidance,Lean Democrat,OLS,8.8,2.7
Appendix Figure S16,G-1: Less restrictive mask guidance,Weak Democrat,DIM,2.9,2.2
Appendix Figure S16,G-1: Less restrictive mask guidance,Weak Democrat,OLS,3.6,2.1
Appendix Figure S16,G-1: Less restrictive mask guidance,Strong Democrat,DIM,5.2,1.4
Appendix Figure S16,G-1: Less restrictive mask guidance,Strong Democrat,OLS,5.3,1.4
Appendix Figure S17,G-3: More restrictive mask guidance,Full sample,DIM,1.2,0.8
Appendix Figure S17,G-3: More restrictive mask guidance,Full sample,OLS,1.5,0.7
Appendix Figure S17,G-3: More restrictive mask guidance,Strong Republican,DIM,2.5,1.9
Appendix Figure S17,G-3: More restrictive mask guidance,Strong Republican,OLS,2.8,1.8
Appendix Figure S17,G-3: More restrictive mask guidance,Weak Republican,DIM,-3.0,2.6
Appendix Figure S17,G-3: More restrictive mask guidance,Weak Republican,OLS,-1.6,2.4
Appendix Figure S17,G-3: More restrictive mask guidance,Lean Republican,DIM,6.0,3.0
Appendix Figure S17,G-3: More restrictive mask guidance,Lean Republican,OLS,7.9,2.7
Appendix Figure S17,G-3: More restrictive mask guidance,Independent,DIM,0.1,2.0
Appendix Figure S17,G-3: More restrictive mask guidance,Independent,OLS,0.7,1.9
Appendix Figure S17,G-3: More restrictive mask guidance,Lean Democrat,DIM,5.9,2.7
Appendix Figure S17,G-3: More restrictive mask guidance,Lean Democrat,OLS,6.3,2.5
Appendix Figure S17,G-3: More restrictive mask guidance,Weak Democrat,DIM,-1.6,2.0
Appendix Figure S17,G-3: More restrictive mask guidance,Weak Democrat,OLS,-1.5,1.9
Appendix Figure S17,G-3: More restrictive mask guidance,Strong Democrat,DIM,1.4,1.2
Appendix Figure S17,G-3: More restrictive mask guidance,Strong Democrat,OLS,1.1,1.1
Appendix Figure S18,I-1: Contagiousness,Full sample,DIM,-1.0,1.4
Appendix Figure S18,I-1: Contagiousness,Full sample,OLS,-1.0,1.3
Appendix Figure S18,I-1: Contagiousness,Strong Republican,DIM,-1.5,2.3
Appendix Figure S18,I-1: Contagiousness,Strong Republican,OLS,-0.6,2.0
Appendix Figure S18,I-1: Contagiousness,Weak Republican,DIM,0.8,4.1
Appendix Figure S18,I-1: Contagiousness,Weak Republican,OLS,-0.8,3.7
Appendix Figure S18,I-1: Contagiousness,Lean Republican,DIM,-0.1,3.8
Appendix Figure S18,I-1: Contagiousness,Lean Republican,OLS,2.0,3.0
Appendix Figure S18,I-1: Contagiousness,Independent,DIM,3.1,2.5
Appendix Figure S18,I-1: Contagiousness,Independent,OLS,1.8,2.3
Appendix Figure S18,I-1: Contagiousness,Lean Democrat,DIM,-6.4,6.5
Appendix Figure S18,I-1: Contagiousness,Lean Democrat,OLS,-2.1,5.7
Appendix Figure S18,I-1: Contagiousness,Weak Democrat,DIM,-0.6,4.9
Appendix Figure S18,I-1: Contagiousness,Weak Democrat,OLS,-0.6,4.3
Appendix Figure S18,I-1: Contagiousness,Strong Democrat,DIM,-11.3,5.4
Appendix Figure S18,I-1: Contagiousness,Strong Democrat,OLS,-9.7,4.5
Appendix Figure S19,I-2: Delta Variant,Full sample,DIM,1.5,1.6
Appendix Figure S19,I-2: Delta Variant,Full sample,OLS,1.6,1.4
Appendix Figure S19,I-2: Delta Variant,Strong Republican,DIM,4.0,2.9
Appendix Figure S19,I-2: Delta Variant,Strong Republican,OLS,2.7,2.4
Appendix Figure S19,I-2: Delta Variant,Weak Republican,DIM,4.0,4.5
Appendix Figure S19,I-2: Delta Variant,Weak Republican,OLS,7.6,3.8
Appendix Figure S19,I-2: Delta Variant,Lean Republican,DIM,-4.1,3.9
Appendix Figure S19,I-2: Delta Variant,Lean Republican,OLS,-3.4,3.0
Appendix Figure S19,I-2: Delta Variant,Independent,DIM,1.1,2.9
Appendix Figure S19,I-2: Delta Variant,Independent,OLS,1.5,2.6
Appendix Figure S19,I-2: Delta Variant,Lean Democrat,DIM,-0.9,7.2
Appendix Figure S19,I-2: Delta Variant,Lean Democrat,OLS,4.6,6.4
Appendix Figure S19,I-2: Delta Variant,Weak Democrat,DIM,6.5,5.9
Appendix Figure S19,I-2: Delta Variant,Weak Democrat,OLS,6.0,5.1
Appendix Figure S19,I-2: Delta Variant,Strong Democrat,DIM,-1.8,5.4
Appendix Figure S19,I-2: Delta Variant,Strong Democrat,OLS,-3.9,4.6
Appendix Figure S20,I-3: Bivalent Booster - Adult,Full sample,DIM,9.1,1.5
Appendix Figure S20,I-3: Bivalent Booster - Adult,Full sample,OLS,8.3,1.3
Appendix Figure S20,I-3: Bivalent Booster - Adult,Strong Republican,DIM,5.3,3.4
Appendix Figure S20,I-3: Bivalent Booster - Adult,Strong Republican,OLS,5.5,3.2
Appendix Figure S20,I-3: Bivalent Booster - Adult,Weak Republican,DIM,10.1,4.0
Appendix Figure S20,I-3: Bivalent Booster - Adult,Weak Republican,OLS,9.7,3.5
Appendix Figure S20,I-3: Bivalent Booster - Adult,Lean Republican,DIM,8.6,4.8
Appendix Figure S20,I-3: Bivalent Booster - Adult,Lean Republican,OLS,7.9,4.2
Appendix Figure S20,I-3: Bivalent Booster - Adult,Independent,DIM,6.1,3.8
Appendix Figure S20,I-3: Bivalent Booster - Adult,Independent,OLS,4.8,3.3
Appendix Figure S20,I-3: Bivalent Booster - Adult,Lean Democrat,DIM,12.3,4.5
Appendix Figure S20,I-3: Bivalent Booster - Adult,Lean Democrat,OLS,12.5,3.8
Appendix Figure S20,I-3: Bivalent Booster - Adult,Weak Democrat,DIM,15.7,3.8
Appendix Figure S20,I-3: Bivalent Booster - Adult,Weak Democrat,OLS,17.1,3.5
Appendix Figure S20,I-3: Bivalent Booster - Adult,Strong Democrat,DIM,6.3,2.5
Appendix Figure S20,I-3: Bivalent Booster - Adult,Strong Democrat,OLS,4.6,2.3
Appendix Figure S21,I-4: Bivalent Booster - Child,Full sample,DIM,15.5,3.6
Appendix Figure S21,I-4: Bivalent Booster - Child,Full sample,OLS,16.2,3.2
Appendix Figure S21,I-4: Bivalent Booster - Child,Strong Republican,DIM,24.3,9.8
Appendix Figure S21,I-4: Bivalent Booster - Child,Strong Republican,OLS,23.8,8.5
Appendix Figure S21,I-4: Bivalent Booster - Child,Weak Republican,DIM,16.2,10.0
Appendix Figure S21,I-4: Bivalent Booster - Child,Weak Republican,OLS,15.5,8.9
Appendix Figure S21,I-4: Bivalent Booster - Child,Lean Republican,DIM,21.3,14.8
Appendix Figure S21,I-4: Bivalent Booster - Child,Lean Republican,OLS,16.4,13.1
Appendix Figure S21,I-4: Bivalent Booster - Child,Independent,DIM,7.1,9.2
Appendix Figure S21,I-4: Bivalent Booster - Child,Independent,OLS,10.7,7.3
Appendix Figure S21,I-4: Bivalent Booster - Child,Lean Democrat,DIM,10.0,10.6
Appendix Figure S21,I-4: Bivalent Booster - Child,Lean Democrat,OLS,-2.3,7.5
Appendix Figure S21,I-4: Bivalent Booster - Child,Weak Democrat,DIM,24.9,8.5
Appendix Figure S21,I-4: Bivalent Booster - Child,Weak Democrat,OLS,26.1,6.7
Appendix Figure S21,I-4: Bivalent Booster - Child,Strong Democrat,DIM,13.4,5.7
Appendix Figure S21,I-4: Bivalent Booster - Child,Strong Democrat,OLS,11.3,4.6
Appendix Figure S22,I-5: Vaccince - Child,Full sample,DIM,6.7,3.7
Appendix Figure S22,I-5: Vaccince - Child,Full sample,OLS,5.7,3.4
Appendix Figure S22,I-5: Vaccince - Child,Strong Republican,DIM,-2.6,8.2
Appendix Figure S22,I-5: Vaccince - Child,Strong Republican,OLS,-1.2,6.5
Appendix Figure S22,I-5: Vaccince - Child,Weak Republican,DIM,13.2,8.0
Appendix Figure S22,I-5: Vaccince - Child,Weak Republican,OLS,15.1,5.8
Appendix Figure S22,I-5: Vaccince - Child,Lean Republican,DIM,-7.6,11.8
Appendix Figure S22,I-5: Vaccince - Child,Lean Republican,OLS,-2.2,8.9
Appendix Figure S22,I-5: Vaccince - Child,Independent,DIM,16.2,8.8
Appendix Figure S22,I-5: Vaccince - Child,Independent,OLS,15.2,7.4
Appendix Figure S22,I-5: Vaccince - Child,Lean Democrat,DIM,11.8,12.5
Appendix Figure S22,I-5: Vaccince - Child,Lean Democrat,OLS,11.6,8.8
Appendix Figure S22,I-5: Vaccince - Child,Weak Democrat,DIM,-2.5,10.2
Appendix Figure S22,I-5: Vaccince - Child,Weak Democrat,OLS,2.7,9.0
Appendix Figure S22,I-5: Vaccince - Child,Strong Democrat,DIM,5.3,7.7
Appendix Figure S22,I-5: Vaccince - Child,Strong Democrat,OLS,5.9,7.3
