float,contrast,subgroup,estimator,quantity,value_paper,value_rewrite,cell_agrees
Appendix Figure S1,E-1: Trump,Full sample,DIM,estimate,-9.5,-9.487802849846258,1
Appendix Figure S1,E-1: Trump,Full sample,DIM,std.error,2.8,2.792320858520705,1
Appendix Figure S1,E-1: Trump,Full sample,OLS,estimate,-9.2,-9.228478251109223,1
Appendix Figure S1,E-1: Trump,Full sample,OLS,std.error,2.6,2.576456001364138,1
Appendix Figure S1,E-1: Trump,Strong Republican,DIM,estimate,16.2,16.171415230558996,1
Appendix Figure S1,E-1: Trump,Strong Republican,DIM,std.error,5.3,5.265356343742097,1
Appendix Figure S1,E-1: Trump,Strong Republican,OLS,estimate,14.7,14.743053492081554,1
Appendix Figure S1,E-1: Trump,Strong Republican,OLS,std.error,4.4,4.362581982165548,1
Appendix Figure S1,E-1: Trump,Weak Republican,DIM,estimate,3.0,3.017723451356723,1
Appendix Figure S1,E-1: Trump,Weak Republican,DIM,std.error,7.7,7.677107475886674,1
Appendix Figure S1,E-1: Trump,Weak Republican,OLS,estimate,5.8,5.752498087191936,1
Appendix Figure S1,E-1: Trump,Weak Republican,OLS,std.error,6.3,6.2684508509774695,1
Appendix Figure S1,E-1: Trump,Lean Republican,DIM,estimate,1.4,1.3502576719581445,1
Appendix Figure S1,E-1: Trump,Lean Republican,DIM,std.error,11.2,11.169802484047093,1
Appendix Figure S1,E-1: Trump,Lean Republican,OLS,estimate,-10.6,-10.601994462281503,1
Appendix Figure S1,E-1: Trump,Lean Republican,OLS,std.error,10.1,10.057204144788496,1
Appendix Figure S1,E-1: Trump,Independent,DIM,estimate,-5.2,-5.238519274536669,1
Appendix Figure S1,E-1: Trump,Independent,DIM,std.error,7.2,7.150245716177328,1
Appendix Figure S1,E-1: Trump,Independent,OLS,estimate,-1.3,-1.2525259909129387,1
Appendix Figure S1,E-1: Trump,Independent,OLS,std.error,6.1,6.096226730552606,1
Appendix Figure S1,E-1: Trump,Lean Democrat,DIM,estimate,-19.6,-19.64294972833804,1
Appendix Figure S1,E-1: Trump,Lean Democrat,DIM,std.error,9.1,9.134479051891017,1
Appendix Figure S1,E-1: Trump,Lean Democrat,OLS,estimate,-18.5,-18.45229687389447,1
Appendix Figure S1,E-1: Trump,Lean Democrat,OLS,std.error,7.4,7.437758977663692,1
Appendix Figure S1,E-1: Trump,Weak Democrat,DIM,estimate,-31.5,-31.465502892835833,1
Appendix Figure S1,E-1: Trump,Weak Democrat,DIM,std.error,8.0,7.9804330313886975,1
Appendix Figure S1,E-1: Trump,Weak Democrat,OLS,estimate,-34.0,-34.01876245005488,1
Appendix Figure S1,E-1: Trump,Weak Democrat,OLS,std.error,6.6,6.62252918325735,1
Appendix Figure S1,E-1: Trump,Strong Democrat,DIM,estimate,-29.4,-29.362154528987745,1
Appendix Figure S1,E-1: Trump,Strong Democrat,DIM,std.error,5.6,5.636388934424475,1
Appendix Figure S1,E-1: Trump,Strong Democrat,OLS,estimate,-27.2,-27.206776661957736,1
Appendix Figure S1,E-1: Trump,Strong Democrat,OLS,std.error,5.0,5.04278772044596,1
Appendix Figure S2,E-1: Fauci,Full sample,DIM,estimate,5.0,4.977220640413742,1
Appendix Figure S2,E-1: Fauci,Full sample,DIM,std.error,2.7,2.6942590063272447,1
Appendix Figure S2,E-1: Fauci,Full sample,OLS,estimate,5.5,5.4671825297483485,1
Appendix Figure S2,E-1: Fauci,Full sample,OLS,std.error,2.4,2.3913308330907777,1
Appendix Figure S2,E-1: Fauci,Strong Republican,DIM,estimate,1.0,0.991205068485794,1
Appendix Figure S2,E-1: Fauci,Strong Republican,DIM,std.error,5.7,5.698412903102765,1
Appendix Figure S2,E-1: Fauci,Strong Republican,OLS,estimate,0.8,0.8017360638250663,1
Appendix Figure S2,E-1: Fauci,Strong Republican,OLS,std.error,4.3,4.281384955429539,1
Appendix Figure S2,E-1: Fauci,Weak Republican,DIM,estimate,10.2,10.201807748306122,1
Appendix Figure S2,E-1: Fauci,Weak Republican,DIM,std.error,7.3,7.288848670274412,1
Appendix Figure S2,E-1: Fauci,Weak Republican,OLS,estimate,11.2,11.182431439343258,1
Appendix Figure S2,E-1: Fauci,Weak Republican,OLS,std.error,6.1,6.0964005479067005,1
Appendix Figure S2,E-1: Fauci,Lean Republican,DIM,estimate,9.0,8.987383124061042,1
Appendix Figure S2,E-1: Fauci,Lean Republican,DIM,std.error,10.8,10.781679405138924,1
Appendix Figure S2,E-1: Fauci,Lean Republican,OLS,estimate,5.6,5.564643514364692,1
Appendix Figure S2,E-1: Fauci,Lean Republican,OLS,std.error,8.7,8.744600920549308,1
Appendix Figure S2,E-1: Fauci,Independent,DIM,estimate,6.9,6.9301255236932775,1
Appendix Figure S2,E-1: Fauci,Independent,DIM,std.error,7.1,7.073831428020226,1
Appendix Figure S2,E-1: Fauci,Independent,OLS,estimate,9.7,9.66066621335382,1
Appendix Figure S2,E-1: Fauci,Independent,OLS,std.error,5.9,5.8797482936011445,1
Appendix Figure S2,E-1: Fauci,Lean Democrat,DIM,estimate,-2.9,-2.8513983456048506,1
Appendix Figure S2,E-1: Fauci,Lean Democrat,DIM,std.error,8.3,8.314499876322158,1
Appendix Figure S2,E-1: Fauci,Lean Democrat,OLS,estimate,3.3,3.311002633337294,1
Appendix Figure S2,E-1: Fauci,Lean Democrat,OLS,std.error,6.2,6.244988150957127,1
Appendix Figure S2,E-1: Fauci,Weak Democrat,DIM,estimate,10.9,10.932462951396207,1
Appendix Figure S2,E-1: Fauci,Weak Democrat,DIM,std.error,7.5,7.470911335333318,1
Appendix Figure S2,E-1: Fauci,Weak Democrat,OLS,estimate,8.5,8.4923555508978,1
Appendix Figure S2,E-1: Fauci,Weak Democrat,OLS,std.error,6.5,6.53619893631369,1
Appendix Figure S2,E-1: Fauci,Strong Democrat,DIM,estimate,5.9,5.890985467363877,1
Appendix Figure S2,E-1: Fauci,Strong Democrat,DIM,std.error,5.2,5.231437850311954,1
Appendix Figure S2,E-1: Fauci,Strong Democrat,OLS,estimate,6.9,6.8988117156875095,1
Appendix Figure S2,E-1: Fauci,Strong Democrat,OLS,std.error,4.4,4.416045245971215,1
Appendix Figure S3,E-1: Trump and Fauci,Full sample,DIM,estimate,-3.7,-3.7214290156335825,1
Appendix Figure S3,E-1: Trump and Fauci,Full sample,DIM,std.error,2.8,2.79453955362277,1
Appendix Figure S3,E-1: Trump and Fauci,Full sample,OLS,estimate,-3.5,-3.498540358359161,1
Appendix Figure S3,E-1: Trump and Fauci,Full sample,OLS,std.error,2.5,2.536359204054486,1
Appendix Figure S3,E-1: Trump and Fauci,Strong Republican,DIM,estimate,8.7,8.682553066008,1
Appendix Figure S3,E-1: Trump and Fauci,Strong Republican,DIM,std.error,5.4,5.440746460967162,1
Appendix Figure S3,E-1: Trump and Fauci,Strong Republican,OLS,estimate,4.8,4.821536528801399,1
Appendix Figure S3,E-1: Trump and Fauci,Strong Republican,OLS,std.error,4.4,4.394097229629053,1
Appendix Figure S3,E-1: Trump and Fauci,Weak Republican,DIM,estimate,6.2,6.169481719376847,1
Appendix Figure S3,E-1: Trump and Fauci,Weak Republican,DIM,std.error,7.5,7.523098209951291,1
Appendix Figure S3,E-1: Trump and Fauci,Weak Republican,OLS,estimate,4.8,4.779100179100588,1
Appendix Figure S3,E-1: Trump and Fauci,Weak Republican,OLS,std.error,6.4,6.407098328336347,1
Appendix Figure S3,E-1: Trump and Fauci,Lean Republican,DIM,estimate,0.6,0.6186801272084199,1
Appendix Figure S3,E-1: Trump and Fauci,Lean Republican,DIM,std.error,10.6,10.624446404887506,1
Appendix Figure S3,E-1: Trump and Fauci,Lean Republican,OLS,estimate,-5.6,-5.621894423047439,1
Appendix Figure S3,E-1: Trump and Fauci,Lean Republican,OLS,std.error,8.6,8.585096383355072,1
Appendix Figure S3,E-1: Trump and Fauci,Independent,DIM,estimate,-0.3,-0.32097202375436196,1
Appendix Figure S3,E-1: Trump and Fauci,Independent,DIM,std.error,7.1,7.11288618981475,1
Appendix Figure S3,E-1: Trump and Fauci,Independent,OLS,estimate,3.9,3.869746259644285,1
Appendix Figure S3,E-1: Trump and Fauci,Independent,OLS,std.error,6.0,5.963110772992096,1
Appendix Figure S3,E-1: Trump and Fauci,Lean Democrat,DIM,estimate,-7.3,-7.324500034974539,1
Appendix Figure S3,E-1: Trump and Fauci,Lean Democrat,DIM,std.error,9.1,9.10369650731248,1
Appendix Figure S3,E-1: Trump and Fauci,Lean Democrat,OLS,estimate,-3.6,-3.6342563399758503,1
Appendix Figure S3,E-1: Trump and Fauci,Lean Democrat,OLS,std.error,8.0,7.97988216843942,1
Appendix Figure S3,E-1: Trump and Fauci,Weak Democrat,DIM,estimate,-13.4,-13.351234901995715,1
Appendix Figure S3,E-1: Trump and Fauci,Weak Democrat,DIM,std.error,8.1,8.071305302560592,1
Appendix Figure S3,E-1: Trump and Fauci,Weak Democrat,OLS,estimate,-15.6,-15.592644499358432,1
Appendix Figure S3,E-1: Trump and Fauci,Weak Democrat,OLS,std.error,6.6,6.625123443609186,1
Appendix Figure S3,E-1: Trump and Fauci,Strong Democrat,DIM,estimate,-12.4,-12.378789296453991,1
Appendix Figure S3,E-1: Trump and Fauci,Strong Democrat,DIM,std.error,5.8,5.788715925140045,1
Appendix Figure S3,E-1: Trump and Fauci,Strong Democrat,OLS,estimate,-10.3,-10.329631255541512,1
Appendix Figure S3,E-1: Trump and Fauci,Strong Democrat,OLS,std.error,4.7,4.690701428599372,1
Appendix Figure S4,E-1: Physician,Full sample,DIM,estimate,1.7,1.749165256733482,1
Appendix Figure S4,E-1: Physician,Full sample,DIM,std.error,2.7,2.7136368427303665,1
Appendix Figure S4,E-1: Physician,Full sample,OLS,estimate,2.4,2.3618422457804726,1
Appendix Figure S4,E-1: Physician,Full sample,OLS,std.error,2.5,2.503599733089023,1
Appendix Figure S4,E-1: Physician,Strong Republican,DIM,estimate,2.5,2.458227817018304,1
Appendix Figure S4,E-1: Physician,Strong Republican,DIM,std.error,5.6,5.581343808034376,1
Appendix Figure S4,E-1: Physician,Strong Republican,OLS,estimate,0.3,0.31713964027491365,1
Appendix Figure S4,E-1: Physician,Strong Republican,OLS,std.error,4.6,4.58804534468405,1
Appendix Figure S4,E-1: Physician,Weak Republican,DIM,estimate,-6.2,-6.173399179719428,1
Appendix Figure S4,E-1: Physician,Weak Republican,DIM,std.error,8.0,7.995084600858577,1
Appendix Figure S4,E-1: Physician,Weak Republican,OLS,estimate,-5.3,-5.280284300549085,1
Appendix Figure S4,E-1: Physician,Weak Republican,OLS,std.error,6.6,6.645624356809387,1
Appendix Figure S4,E-1: Physician,Lean Republican,DIM,estimate,27.1,27.10483401856457,1
Appendix Figure S4,E-1: Physician,Lean Republican,DIM,std.error,10.4,10.442695747093415,1
Appendix Figure S4,E-1: Physician,Lean Republican,OLS,estimate,7.9,7.875834506159817,1
Appendix Figure S4,E-1: Physician,Lean Republican,OLS,std.error,8.6,8.550217725695378,1
Appendix Figure S4,E-1: Physician,Independent,DIM,estimate,5.2,5.228858702270369,1
Appendix Figure S4,E-1: Physician,Independent,DIM,std.error,7.1,7.085903747896811,1
Appendix Figure S4,E-1: Physician,Independent,OLS,estimate,5.5,5.506719496887225,1
Appendix Figure S4,E-1: Physician,Independent,OLS,std.error,5.5,5.5352098472646345,1
Appendix Figure S4,E-1: Physician,Lean Democrat,DIM,estimate,4.5,4.547120783668713,1
Appendix Figure S4,E-1: Physician,Lean Democrat,DIM,std.error,8.5,8.49915915099675,1
Appendix Figure S4,E-1: Physician,Lean Democrat,OLS,estimate,8.4,8.359892225425138,1
Appendix Figure S4,E-1: Physician,Lean Democrat,OLS,std.error,7.3,7.3293277747271235,1
Appendix Figure S4,E-1: Physician,Weak Democrat,DIM,estimate,-0.6,-0.6142317997599577,1
Appendix Figure S4,E-1: Physician,Weak Democrat,DIM,std.error,7.8,7.782923370031994,1
Appendix Figure S4,E-1: Physician,Weak Democrat,OLS,estimate,-2.5,-2.5050899682418613,1
Appendix Figure S4,E-1: Physician,Weak Democrat,OLS,std.error,6.3,6.301528448592575,1
Appendix Figure S4,E-1: Physician,Strong Democrat,DIM,estimate,-5.0,-4.957221451222527,1
Appendix Figure S4,E-1: Physician,Strong Democrat,DIM,std.error,5.5,5.457503279327063,1
Appendix Figure S4,E-1: Physician,Strong Democrat,OLS,estimate,-3.8,-3.83248509912707,1
Appendix Figure S4,E-1: Physician,Strong Democrat,OLS,std.error,4.9,4.885824480385381,1
Appendix Figure S5,E-1: Pharmacy,Full sample,DIM,estimate,2.4,2.3809623282891264,1
Appendix Figure S5,E-1: Pharmacy,Full sample,DIM,std.error,2.7,2.710733397805816,1
Appendix Figure S5,E-1: Pharmacy,Full sample,OLS,estimate,3.9,3.890682972563538,1
Appendix Figure S5,E-1: Pharmacy,Full sample,OLS,std.error,2.5,2.476090501094583,1
Appendix Figure S5,E-1: Pharmacy,Strong Republican,DIM,estimate,7.6,7.597706602836578,1
Appendix Figure S5,E-1: Pharmacy,Strong Republican,DIM,std.error,5.6,5.5539966741206515,1
Appendix Figure S5,E-1: Pharmacy,Strong Republican,OLS,estimate,6.3,6.268426370026592,1
Appendix Figure S5,E-1: Pharmacy,Strong Republican,OLS,std.error,4.4,4.402487935659486,1
Appendix Figure S5,E-1: Pharmacy,Weak Republican,DIM,estimate,-7.7,-7.652806687552058,1
Appendix Figure S5,E-1: Pharmacy,Weak Republican,DIM,std.error,8.2,8.189991067886094,1
Appendix Figure S5,E-1: Pharmacy,Weak Republican,OLS,estimate,-5.4,-5.403746983649101,1
Appendix Figure S5,E-1: Pharmacy,Weak Republican,OLS,std.error,6.3,6.339840667159288,1
Appendix Figure S5,E-1: Pharmacy,Lean Republican,DIM,estimate,13.8,13.792797581364036,1
Appendix Figure S5,E-1: Pharmacy,Lean Republican,DIM,std.error,11.1,11.05198616463622,1
Appendix Figure S5,E-1: Pharmacy,Lean Republican,OLS,estimate,-0.3,-0.3195374261693197,1
Appendix Figure S5,E-1: Pharmacy,Lean Republican,OLS,std.error,8.8,8.847301610203335,1
Appendix Figure S5,E-1: Pharmacy,Independent,DIM,estimate,-0.1,-0.13135649591645462,1
Appendix Figure S5,E-1: Pharmacy,Independent,DIM,std.error,7.0,7.02180491081748,1
Appendix Figure S5,E-1: Pharmacy,Independent,OLS,estimate,7.8,7.8259626127914785,1
Appendix Figure S5,E-1: Pharmacy,Independent,OLS,std.error,6.0,6.045197305939681,1
Appendix Figure S5,E-1: Pharmacy,Lean Democrat,DIM,estimate,3.0,2.9733664498293284,1
Appendix Figure S5,E-1: Pharmacy,Lean Democrat,DIM,std.error,7.6,7.6087787910311855,1
Appendix Figure S5,E-1: Pharmacy,Lean Democrat,OLS,estimate,10.9,10.919564296720017,1
Appendix Figure S5,E-1: Pharmacy,Lean Democrat,OLS,std.error,6.8,6.781456730181396,1
Appendix Figure S5,E-1: Pharmacy,Weak Democrat,DIM,estimate,5.6,5.625945107887661,1
Appendix Figure S5,E-1: Pharmacy,Weak Democrat,DIM,std.error,7.4,7.44916562647712,1
Appendix Figure S5,E-1: Pharmacy,Weak Democrat,OLS,estimate,5.3,5.2841239017436274,1
Appendix Figure S5,E-1: Pharmacy,Weak Democrat,OLS,std.error,6.1,6.108836803573203,1
Appendix Figure S5,E-1: Pharmacy,Strong Democrat,DIM,estimate,-0.6,-0.5987789686394216,1
Appendix Figure S5,E-1: Pharmacy,Strong Democrat,DIM,std.error,5.3,5.332844723209777,1
Appendix Figure S5,E-1: Pharmacy,Strong Democrat,OLS,estimate,0.8,0.7741452811340471,1
Appendix Figure S5,E-1: Pharmacy,Strong Democrat,OLS,std.error,4.6,4.584465827833559,1
Appendix Figure S6,E-1: Insurance,Full sample,DIM,estimate,3.2,3.172563965083482,1
Appendix Figure S6,E-1: Insurance,Full sample,DIM,std.error,2.7,2.688472257197704,1
Appendix Figure S6,E-1: Insurance,Full sample,OLS,estimate,3.3,3.3037385645840187,1
Appendix Figure S6,E-1: Insurance,Full sample,OLS,std.error,2.5,2.4597712887220102,1
Appendix Figure S6,E-1: Insurance,Strong Republican,DIM,estimate,11.4,11.4254369700347,1
Appendix Figure S6,E-1: Insurance,Strong Republican,DIM,std.error,5.2,5.211432853260047,1
Appendix Figure S6,E-1: Insurance,Strong Republican,OLS,estimate,6.4,6.378963341040366,1
Appendix Figure S6,E-1: Insurance,Strong Republican,OLS,std.error,4.3,4.27066535184902,1
Appendix Figure S6,E-1: Insurance,Weak Republican,DIM,estimate,-0.4,-0.3925507381149246,1
Appendix Figure S6,E-1: Insurance,Weak Republican,DIM,std.error,7.8,7.757098891203396,1
Appendix Figure S6,E-1: Insurance,Weak Republican,OLS,estimate,-2.0,-2.0335069444576694,1
Appendix Figure S6,E-1: Insurance,Weak Republican,OLS,std.error,6.4,6.401999400926685,1
Appendix Figure S6,E-1: Insurance,Lean Republican,DIM,estimate,17.9,17.919648340418885,1
Appendix Figure S6,E-1: Insurance,Lean Republican,DIM,std.error,11.4,11.44074647811456,1
Appendix Figure S6,E-1: Insurance,Lean Republican,OLS,estimate,21.4,21.408157385372192,1
Appendix Figure S6,E-1: Insurance,Lean Republican,OLS,std.error,9.6,9.645900764578148,1
Appendix Figure S6,E-1: Insurance,Independent,DIM,estimate,2.4,2.4223637277628662,1
Appendix Figure S6,E-1: Insurance,Independent,DIM,std.error,7.0,6.965482103034646,1
Appendix Figure S6,E-1: Insurance,Independent,OLS,estimate,3.9,3.939335446343067,1
Appendix Figure S6,E-1: Insurance,Independent,OLS,std.error,6.1,6.1424812771045865,1
Appendix Figure S6,E-1: Insurance,Lean Democrat,DIM,estimate,-9.1,-9.09301030523222,1
Appendix Figure S6,E-1: Insurance,Lean Democrat,DIM,std.error,8.6,8.576311626473416,1
Appendix Figure S6,E-1: Insurance,Lean Democrat,OLS,estimate,-4.6,-4.5728536012239145,1
Appendix Figure S6,E-1: Insurance,Lean Democrat,OLS,std.error,6.9,6.885135112373049,1
Appendix Figure S6,E-1: Insurance,Weak Democrat,DIM,estimate,-2.1,-2.063840175253296,1
Appendix Figure S6,E-1: Insurance,Weak Democrat,DIM,std.error,7.9,7.881340223439155,1
Appendix Figure S6,E-1: Insurance,Weak Democrat,OLS,estimate,-2.6,-2.615524052420972,1
Appendix Figure S6,E-1: Insurance,Weak Democrat,OLS,std.error,6.1,6.145089162127299,1
Appendix Figure S6,E-1: Insurance,Strong Democrat,DIM,estimate,1.6,1.5582989540482366,1
Appendix Figure S6,E-1: Insurance,Strong Democrat,DIM,std.error,5.3,5.308939919673218,1
Appendix Figure S6,E-1: Insurance,Strong Democrat,OLS,estimate,3.7,3.7338867758221217,1
Appendix Figure S6,E-1: Insurance,Strong Democrat,OLS,std.error,4.8,4.790682857809125,1
Appendix Figure S7,E-1: Spiritual Leader,Full sample,DIM,estimate,-4.6,-4.567666047999582,1
Appendix Figure S7,E-1: Spiritual Leader,Full sample,DIM,std.error,2.8,2.7751271207369332,1
Appendix Figure S7,E-1: Spiritual Leader,Full sample,OLS,estimate,-4.7,-4.715338049905391,1
Appendix Figure S7,E-1: Spiritual Leader,Full sample,OLS,std.error,2.5,2.5371821373466252,1
Appendix Figure S7,E-1: Spiritual Leader,Strong Republican,DIM,estimate,8.8,8.80865514708403,1
Appendix Figure S7,E-1: Spiritual Leader,Strong Republican,DIM,std.error,5.5,5.484799944428344,1
Appendix Figure S7,E-1: Spiritual Leader,Strong Republican,OLS,estimate,7.1,7.101212458556072,1
Appendix Figure S7,E-1: Spiritual Leader,Strong Republican,OLS,std.error,4.4,4.395614332561422,1
Appendix Figure S7,E-1: Spiritual Leader,Weak Republican,DIM,estimate,-9.6,-9.556246181970698,1
Appendix Figure S7,E-1: Spiritual Leader,Weak Republican,DIM,std.error,7.7,7.740625650013036,1
Appendix Figure S7,E-1: Spiritual Leader,Weak Republican,OLS,estimate,-12.9,-12.923431153820648,1
Appendix Figure S7,E-1: Spiritual Leader,Weak Republican,OLS,std.error,6.8,6.812712317813381,1
Appendix Figure S7,E-1: Spiritual Leader,Lean Republican,DIM,estimate,2.6,2.5625568770401443,1
Appendix Figure S7,E-1: Spiritual Leader,Lean Republican,DIM,std.error,12.0,12.032118760322165,1
Appendix Figure S7,E-1: Spiritual Leader,Lean Republican,OLS,estimate,-9.4,-9.37485343786113,1
Appendix Figure S7,E-1: Spiritual Leader,Lean Republican,OLS,std.error,9.4,9.366072314234724,1
Appendix Figure S7,E-1: Spiritual Leader,Independent,DIM,estimate,-1.4,-1.432407906299503,1
Appendix Figure S7,E-1: Spiritual Leader,Independent,DIM,std.error,7.2,7.177590959301713,1
Appendix Figure S7,E-1: Spiritual Leader,Independent,OLS,estimate,-0.4,-0.425172025053138,1
Appendix Figure S7,E-1: Spiritual Leader,Independent,OLS,std.error,6.0,5.977573351501108,1
Appendix Figure S7,E-1: Spiritual Leader,Lean Democrat,DIM,estimate,-13.6,-13.619299156523336,1
Appendix Figure S7,E-1: Spiritual Leader,Lean Democrat,DIM,std.error,8.9,8.868895745129436,1
Appendix Figure S7,E-1: Spiritual Leader,Lean Democrat,OLS,estimate,-10.1,-10.067633946969504,1
Appendix Figure S7,E-1: Spiritual Leader,Lean Democrat,OLS,std.error,6.9,6.869754893383334,1
Appendix Figure S7,E-1: Spiritual Leader,Weak Democrat,DIM,estimate,-2.8,-2.752531100161036,1
Appendix Figure S7,E-1: Spiritual Leader,Weak Democrat,DIM,std.error,7.9,7.850535644974769,1
Appendix Figure S7,E-1: Spiritual Leader,Weak Democrat,OLS,estimate,-4.7,-4.670761304564111,1
Appendix Figure S7,E-1: Spiritual Leader,Weak Democrat,OLS,std.error,6.1,6.129850918960443,1
Appendix Figure S7,E-1: Spiritual Leader,Strong Democrat,DIM,estimate,-16.3,-16.30723397966402,1
Appendix Figure S7,E-1: Spiritual Leader,Strong Democrat,DIM,std.error,5.7,5.665165931779072,1
Appendix Figure S7,E-1: Spiritual Leader,Strong Democrat,OLS,estimate,-13.4,-13.447859759260275,1
Appendix Figure S7,E-1: Spiritual Leader,Strong Democrat,OLS,std.error,4.9,4.928887153924297,1
Appendix Figure S8,E-2: Trump,Full sample,DIM,estimate,-5.5,-5.534245170841641,1
Appendix Figure S8,E-2: Trump,Full sample,DIM,std.error,3.9,3.892614617312404,1
Appendix Figure S8,E-2: Trump,Full sample,OLS,estimate,-4.7,-4.688615886957834,1
Appendix Figure S8,E-2: Trump,Full sample,OLS,std.error,3.6,3.5789160453790436,1
Appendix Figure S8,E-2: Trump,Strong Republican,DIM,estimate,6.5,6.478189483941353,1
Appendix Figure S8,E-2: Trump,Strong Republican,DIM,std.error,9.1,9.068033275442437,1
Appendix Figure S8,E-2: Trump,Strong Republican,OLS,estimate,-1.6,-1.564203886710104,1
Appendix Figure S8,E-2: Trump,Strong Republican,OLS,std.error,7.3,7.263692053947743,1
Appendix Figure S8,E-2: Trump,Weak Republican,DIM,estimate,-1.4,-1.3736600935078465,1
Appendix Figure S8,E-2: Trump,Weak Republican,DIM,std.error,11.2,11.246822894414564,1
Appendix Figure S8,E-2: Trump,Weak Republican,OLS,estimate,-1.8,-1.7514978494887787,1
Appendix Figure S8,E-2: Trump,Weak Republican,OLS,std.error,10.3,10.324055404723728,1
Appendix Figure S8,E-2: Trump,Lean Republican,DIM,estimate,0.8,0.7920642490330322,1
Appendix Figure S8,E-2: Trump,Lean Republican,DIM,std.error,14.2,14.179137048410754,1
Appendix Figure S8,E-2: Trump,Lean Republican,OLS,estimate,17.2,17.198733449077267,1
Appendix Figure S8,E-2: Trump,Lean Republican,OLS,std.error,8.9,8.884165591867372,1
Appendix Figure S8,E-2: Trump,Independent,DIM,estimate,-5.5,-5.4734962443569515,1
Appendix Figure S8,E-2: Trump,Independent,DIM,std.error,8.7,8.682809332093974,1
Appendix Figure S8,E-2: Trump,Independent,OLS,estimate,-5.0,-5.006681189050247,1
Appendix Figure S8,E-2: Trump,Independent,OLS,std.error,7.7,7.721036471814816,1
Appendix Figure S8,E-2: Trump,Lean Democrat,DIM,estimate,-24.4,-24.4450386313182,1
Appendix Figure S8,E-2: Trump,Lean Democrat,DIM,std.error,12.6,12.634306483360492,1
Appendix Figure S8,E-2: Trump,Lean Democrat,OLS,estimate,12.5,12.518696620923054,1
Appendix Figure S8,E-2: Trump,Lean Democrat,OLS,std.error,9.6,9.605326132850552,1
Appendix Figure S8,E-2: Trump,Weak Democrat,DIM,estimate,-5.4,-5.413287329723941,1
Appendix Figure S8,E-2: Trump,Weak Democrat,DIM,std.error,7.5,7.503530165299368,1
Appendix Figure S8,E-2: Trump,Weak Democrat,OLS,estimate,-5.9,-5.894292315442277,1
Appendix Figure S8,E-2: Trump,Weak Democrat,OLS,std.error,6.5,6.510494078742327,1
Appendix Figure S8,E-2: Trump,Strong Democrat,DIM,estimate,-13.8,-13.760597443949235,1
Appendix Figure S8,E-2: Trump,Strong Democrat,DIM,std.error,8.3,8.284023183196467,1
Appendix Figure S8,E-2: Trump,Strong Democrat,OLS,estimate,-16.7,-16.665967819857485,1
Appendix Figure S8,E-2: Trump,Strong Democrat,OLS,std.error,6.0,6.036237806717601,1
Appendix Figure S9,E-2: Trump and Fauci,Full sample,DIM,estimate,-7.0,-6.985373042613191,1
Appendix Figure S9,E-2: Trump and Fauci,Full sample,DIM,std.error,4.0,4.0108894242133895,1
Appendix Figure S9,E-2: Trump and Fauci,Full sample,OLS,estimate,-6.4,-6.411572391089401,1
Appendix Figure S9,E-2: Trump and Fauci,Full sample,OLS,std.error,3.6,3.5505846280801827,1
Appendix Figure S9,E-2: Trump and Fauci,Strong Republican,DIM,estimate,-10.6,-10.62427796882766,1
Appendix Figure S9,E-2: Trump and Fauci,Strong Republican,DIM,std.error,8.6,8.60102729496076,1
Appendix Figure S9,E-2: Trump and Fauci,Strong Republican,OLS,estimate,-12.8,-12.78963252994417,1
Appendix Figure S9,E-2: Trump and Fauci,Strong Republican,OLS,std.error,6.9,6.947052404099294,1
Appendix Figure S9,E-2: Trump and Fauci,Weak Republican,DIM,estimate,-15.3,-15.320263695685352,1
Appendix Figure S9,E-2: Trump and Fauci,Weak Republican,DIM,std.error,11.4,11.37998653938324,1
Appendix Figure S9,E-2: Trump and Fauci,Weak Republican,OLS,estimate,-6.9,-6.894622243203398,1
Appendix Figure S9,E-2: Trump and Fauci,Weak Republican,OLS,std.error,9.7,9.730196681083198,1
Appendix Figure S9,E-2: Trump and Fauci,Lean Republican,DIM,estimate,2.7,2.664482249985839,1
Appendix Figure S9,E-2: Trump and Fauci,Lean Republican,DIM,std.error,13.6,13.61051121837038,1
Appendix Figure S9,E-2: Trump and Fauci,Lean Republican,OLS,estimate,21.2,21.2376534138126,1
Appendix Figure S9,E-2: Trump and Fauci,Lean Republican,OLS,std.error,11.6,11.594692405783476,1
Appendix Figure S9,E-2: Trump and Fauci,Independent,DIM,estimate,-0.5,-0.5338445145901247,1
Appendix Figure S9,E-2: Trump and Fauci,Independent,DIM,std.error,8.8,8.771156429486847,1
Appendix Figure S9,E-2: Trump and Fauci,Independent,OLS,estimate,2.6,2.552633442149487,1
Appendix Figure S9,E-2: Trump and Fauci,Independent,OLS,std.error,6.9,6.942796835366286,1
Appendix Figure S9,E-2: Trump and Fauci,Lean Democrat,DIM,estimate,-20.1,-20.118785200079365,1
Appendix Figure S9,E-2: Trump and Fauci,Lean Democrat,DIM,std.error,13.8,13.825851958296669,1
Appendix Figure S9,E-2: Trump and Fauci,Lean Democrat,OLS,estimate,-18.1,-18.05946715088367,1
Appendix Figure S9,E-2: Trump and Fauci,Lean Democrat,OLS,std.error,7.4,7.446516048111984,1
Appendix Figure S9,E-2: Trump and Fauci,Weak Democrat,DIM,estimate,-8.7,-8.66786766014843,1
Appendix Figure S9,E-2: Trump and Fauci,Weak Democrat,DIM,std.error,9.0,9.015927243912722,1
Appendix Figure S9,E-2: Trump and Fauci,Weak Democrat,OLS,estimate,-10.6,-10.628489255040284,1
Appendix Figure S9,E-2: Trump and Fauci,Weak Democrat,OLS,std.error,6.1,6.116878314123049,1
Appendix Figure S9,E-2: Trump and Fauci,Strong Democrat,DIM,estimate,1.4,1.4306293419585046,1
Appendix Figure S9,E-2: Trump and Fauci,Strong Democrat,DIM,std.error,7.5,7.50230752794968,1
Appendix Figure S9,E-2: Trump and Fauci,Strong Democrat,OLS,estimate,-3.7,-3.655048467405244,1
Appendix Figure S9,E-2: Trump and Fauci,Strong Democrat,OLS,std.error,5.1,5.069175196888966,1
Appendix Figure S10,E-2: Fauci,Full sample,DIM,estimate,-4.4,-4.42978398796153,1
Appendix Figure S10,E-2: Fauci,Full sample,DIM,std.error,3.9,3.8986030834645544,1
Appendix Figure S10,E-2: Fauci,Full sample,OLS,estimate,-3.2,-3.1597113164745685,1
Appendix Figure S10,E-2: Fauci,Full sample,OLS,std.error,3.5,3.5241574588665068,1
Appendix Figure S10,E-2: Fauci,Strong Republican,DIM,estimate,0.2,0.1746244641348963,1
Appendix Figure S10,E-2: Fauci,Strong Republican,DIM,std.error,9.0,8.986620178278423,1
Appendix Figure S10,E-2: Fauci,Strong Republican,OLS,estimate,-8.1,-8.11741616492752,1
Appendix Figure S10,E-2: Fauci,Strong Republican,OLS,std.error,6.9,6.879653222757126,1
Appendix Figure S10,E-2: Fauci,Weak Republican,DIM,estimate,1.8,1.7533011980839754,1
Appendix Figure S10,E-2: Fauci,Weak Republican,DIM,std.error,12.0,11.98432386206274,1
Appendix Figure S10,E-2: Fauci,Weak Republican,OLS,estimate,-0.7,-0.677258739695829,1
Appendix Figure S10,E-2: Fauci,Weak Republican,OLS,std.error,8.4,8.413724787441483,1
Appendix Figure S10,E-2: Fauci,Lean Republican,DIM,estimate,-10.1,-10.146014523843974,1
Appendix Figure S10,E-2: Fauci,Lean Republican,DIM,std.error,12.5,12.492010053502758,1
Appendix Figure S10,E-2: Fauci,Lean Republican,OLS,estimate,3.6,3.550445990768979,1
Appendix Figure S10,E-2: Fauci,Lean Republican,OLS,std.error,8.5,8.524441890108955,1
Appendix Figure S10,E-2: Fauci,Independent,DIM,estimate,-10.9,-10.923972154053692,1
Appendix Figure S10,E-2: Fauci,Independent,DIM,std.error,8.3,8.268535617196566,1
Appendix Figure S10,E-2: Fauci,Independent,OLS,estimate,-4.3,-4.325193709792181,1
Appendix Figure S10,E-2: Fauci,Independent,OLS,std.error,6.5,6.493048652790183,1
Appendix Figure S10,E-2: Fauci,Lean Democrat,DIM,estimate,-3.2,-3.1696928006426344,1
Appendix Figure S10,E-2: Fauci,Lean Democrat,DIM,std.error,12.3,12.3345029804897,1
Appendix Figure S10,E-2: Fauci,Lean Democrat,OLS,estimate,24.2,24.17422671295041,1
Appendix Figure S10,E-2: Fauci,Lean Democrat,OLS,std.error,10.4,10.441925318189018,1
Appendix Figure S10,E-2: Fauci,Weak Democrat,DIM,estimate,-12.0,-11.95723939116676,1
Appendix Figure S10,E-2: Fauci,Weak Democrat,DIM,std.error,8.8,8.792242257519527,1
Appendix Figure S10,E-2: Fauci,Weak Democrat,OLS,estimate,-11.2,-11.169253121967056,1
Appendix Figure S10,E-2: Fauci,Weak Democrat,OLS,std.error,7.6,7.611574345466011,1
Appendix Figure S10,E-2: Fauci,Strong Democrat,DIM,estimate,6.3,6.285405113339724,1
Appendix Figure S10,E-2: Fauci,Strong Democrat,DIM,std.error,7.2,7.173830975034249,1
Appendix Figure S10,E-2: Fauci,Strong Democrat,OLS,estimate,2.1,2.0928645200411133,1
Appendix Figure S10,E-2: Fauci,Strong Democrat,OLS,std.error,5.3,5.2621618670542745,1
Appendix Figure S11,E-2: Biden and Fauci,Full sample,DIM,estimate,-8.7,-8.728503195148951,1
Appendix Figure S11,E-2: Biden and Fauci,Full sample,DIM,std.error,4.0,4.014478671824878,1
Appendix Figure S11,E-2: Biden and Fauci,Full sample,OLS,estimate,-5.6,-5.550017976144165,1
Appendix Figure S11,E-2: Biden and Fauci,Full sample,OLS,std.error,3.6,3.5961274099411313,1
Appendix Figure S11,E-2: Biden and Fauci,Strong Republican,DIM,estimate,-9.9,-9.92475279507724,1
Appendix Figure S11,E-2: Biden and Fauci,Strong Republican,DIM,std.error,9.0,8.965764926797739,1
Appendix Figure S11,E-2: Biden and Fauci,Strong Republican,OLS,estimate,-27.8,-27.82489352845247,1
Appendix Figure S11,E-2: Biden and Fauci,Strong Republican,OLS,std.error,7.0,6.984302998583805,1
Appendix Figure S11,E-2: Biden and Fauci,Weak Republican,DIM,estimate,1.4,1.4087798769605668,1
Appendix Figure S11,E-2: Biden and Fauci,Weak Republican,DIM,std.error,12.1,12.11330656304134,1
Appendix Figure S11,E-2: Biden and Fauci,Weak Republican,OLS,estimate,-6.0,-6.002168224271221,1
Appendix Figure S11,E-2: Biden and Fauci,Weak Republican,OLS,std.error,9.0,9.048802957182286,1
Appendix Figure S11,E-2: Biden and Fauci,Lean Republican,DIM,estimate,-20.4,-20.362593992418,1
Appendix Figure S11,E-2: Biden and Fauci,Lean Republican,DIM,std.error,12.3,12.274608474594247,1
Appendix Figure S11,E-2: Biden and Fauci,Lean Republican,OLS,estimate,-1.0,-1.0186824772799443,1
Appendix Figure S11,E-2: Biden and Fauci,Lean Republican,OLS,std.error,9.5,9.453580990435324,1
Appendix Figure S11,E-2: Biden and Fauci,Independent,DIM,estimate,-8.6,-8.551249464926986,1
Appendix Figure S11,E-2: Biden and Fauci,Independent,DIM,std.error,8.7,8.698704514430093,1
Appendix Figure S11,E-2: Biden and Fauci,Independent,OLS,estimate,-3.3,-3.291348171175964,1
Appendix Figure S11,E-2: Biden and Fauci,Independent,OLS,std.error,6.4,6.399637270330243,1
Appendix Figure S11,E-2: Biden and Fauci,Lean Democrat,DIM,estimate,-25.2,-25.219100424877094,1
Appendix Figure S11,E-2: Biden and Fauci,Lean Democrat,DIM,std.error,14.1,14.072978540497774,1
Appendix Figure S11,E-2: Biden and Fauci,Lean Democrat,OLS,estimate,-11.4,-11.382216011785298,1
Appendix Figure S11,E-2: Biden and Fauci,Lean Democrat,OLS,std.error,11.8,11.780681587270706,1
Appendix Figure S11,E-2: Biden and Fauci,Weak Democrat,DIM,estimate,-8.7,-8.714002141233193,1
Appendix Figure S11,E-2: Biden and Fauci,Weak Democrat,DIM,std.error,8.4,8.359707342214108,1
Appendix Figure S11,E-2: Biden and Fauci,Weak Democrat,OLS,estimate,-6.1,-6.103057411663265,1
Appendix Figure S11,E-2: Biden and Fauci,Weak Democrat,OLS,std.error,6.8,6.791928744248378,1
Appendix Figure S11,E-2: Biden and Fauci,Strong Democrat,DIM,estimate,-1.0,-1.016866835148885,1
Appendix Figure S11,E-2: Biden and Fauci,Strong Democrat,DIM,std.error,7.9,7.886286727052252,1
Appendix Figure S11,E-2: Biden and Fauci,Strong Democrat,OLS,estimate,1.3,1.302717031849353,1
Appendix Figure S11,E-2: Biden and Fauci,Strong Democrat,OLS,std.error,6.1,6.061089146019231,1
Appendix Figure S12,E-2: Biden,Full sample,DIM,estimate,-13.2,-13.202392647108876,1
Appendix Figure S12,E-2: Biden,Full sample,DIM,std.error,4.1,4.051363437290903,1
Appendix Figure S12,E-2: Biden,Full sample,OLS,estimate,-9.7,-9.682095467939996,1
Appendix Figure S12,E-2: Biden,Full sample,OLS,std.error,3.6,3.616670811183355,1
Appendix Figure S12,E-2: Biden,Strong Republican,DIM,estimate,-20.6,-20.59761024230988,1
Appendix Figure S12,E-2: Biden,Strong Republican,DIM,std.error,8.4,8.414261598724092,1
Appendix Figure S12,E-2: Biden,Strong Republican,OLS,estimate,-24.2,-24.229392980722988,1
Appendix Figure S12,E-2: Biden,Strong Republican,OLS,std.error,6.6,6.569274797069577,1
Appendix Figure S12,E-2: Biden,Weak Republican,DIM,estimate,-4.2,-4.233740535019128,1
Appendix Figure S12,E-2: Biden,Weak Republican,DIM,std.error,11.7,11.744560315688345,1
Appendix Figure S12,E-2: Biden,Weak Republican,OLS,estimate,0.4,0.4429249217142664,1
Appendix Figure S12,E-2: Biden,Weak Republican,OLS,std.error,9.7,9.733179404807368,1
Appendix Figure S12,E-2: Biden,Lean Republican,DIM,estimate,-8.8,-8.752783392383753,1
Appendix Figure S12,E-2: Biden,Lean Republican,DIM,std.error,13.6,13.648355433735516,1
Appendix Figure S12,E-2: Biden,Lean Republican,OLS,estimate,-1.4,-1.3766598852243654,1
Appendix Figure S12,E-2: Biden,Lean Republican,OLS,std.error,11.5,11.530393748302476,1
Appendix Figure S12,E-2: Biden,Independent,DIM,estimate,-18.5,-18.48123587422865,1
Appendix Figure S12,E-2: Biden,Independent,DIM,std.error,8.4,8.357697605349454,1
Appendix Figure S12,E-2: Biden,Independent,OLS,estimate,-13.3,-13.31896476404956,1
Appendix Figure S12,E-2: Biden,Independent,OLS,std.error,7.2,7.150639178219496,1
Appendix Figure S12,E-2: Biden,Lean Democrat,DIM,estimate,-5.6,-5.565812244138598,1
Appendix Figure S12,E-2: Biden,Lean Democrat,DIM,std.error,12.1,12.1242857045442,1
Appendix Figure S12,E-2: Biden,Lean Democrat,OLS,estimate,10.2,10.238404184296432,1
Appendix Figure S12,E-2: Biden,Lean Democrat,OLS,std.error,10.1,10.055381376146808,1
Appendix Figure S12,E-2: Biden,Weak Democrat,DIM,estimate,-8.5,-8.461349907411412,1
Appendix Figure S12,E-2: Biden,Weak Democrat,DIM,std.error,9.3,9.311638222966437,1
Appendix Figure S12,E-2: Biden,Weak Democrat,OLS,estimate,-13.6,-13.56588114990484,1
Appendix Figure S12,E-2: Biden,Weak Democrat,OLS,std.error,6.8,6.787046987075981,1
Appendix Figure S12,E-2: Biden,Strong Democrat,DIM,estimate,0.7,0.7087318061495038,1
Appendix Figure S12,E-2: Biden,Strong Democrat,DIM,std.error,7.7,7.691845015320424,1
Appendix Figure S12,E-2: Biden,Strong Democrat,OLS,estimate,3.1,3.068011988333082,1
Appendix Figure S12,E-2: Biden,Strong Democrat,OLS,std.error,5.2,5.2355959644834735,1
Appendix Figure S13,E-2: Obama,Full sample,DIM,estimate,-13.4,-13.442485812622026,1
Appendix Figure S13,E-2: Obama,Full sample,DIM,std.error,4.0,3.9625804799561792,1
Appendix Figure S13,E-2: Obama,Full sample,OLS,estimate,-10.9,-10.865337878007905,1
Appendix Figure S13,E-2: Obama,Full sample,OLS,std.error,3.5,3.5149598431081444,1
Appendix Figure S13,E-2: Obama,Strong Republican,DIM,estimate,-10.9,-10.85221750633466,1
Appendix Figure S13,E-2: Obama,Strong Republican,DIM,std.error,8.4,8.430171094445885,1
Appendix Figure S13,E-2: Obama,Strong Republican,OLS,estimate,-19.3,-19.27700848915867,1
Appendix Figure S13,E-2: Obama,Strong Republican,OLS,std.error,6.6,6.649072305011199,1
Appendix Figure S13,E-2: Obama,Weak Republican,DIM,estimate,-17.4,-17.384103978624665,1
Appendix Figure S13,E-2: Obama,Weak Republican,DIM,std.error,11.9,11.89337748229654,1
Appendix Figure S13,E-2: Obama,Weak Republican,OLS,estimate,-8.3,-8.290189426460888,1
Appendix Figure S13,E-2: Obama,Weak Republican,OLS,std.error,9.4,9.397412311622784,1
Appendix Figure S13,E-2: Obama,Lean Republican,DIM,estimate,-35.4,-35.43765579910823,1
Appendix Figure S13,E-2: Obama,Lean Republican,DIM,std.error,11.9,11.910738739853622,1
Appendix Figure S13,E-2: Obama,Lean Republican,OLS,estimate,-23.0,-22.99957098412849,1
Appendix Figure S13,E-2: Obama,Lean Republican,OLS,std.error,7.7,7.725895374681219,1
Appendix Figure S13,E-2: Obama,Independent,DIM,estimate,-14.0,-13.994403321161764,1
Appendix Figure S13,E-2: Obama,Independent,DIM,std.error,8.4,8.39525901303178,1
Appendix Figure S13,E-2: Obama,Independent,OLS,estimate,-9.7,-9.687100295732296,1
Appendix Figure S13,E-2: Obama,Independent,OLS,std.error,6.2,6.150745052299745,1
Appendix Figure S13,E-2: Obama,Lean Democrat,DIM,estimate,-8.1,-8.1478004379891,1
Appendix Figure S13,E-2: Obama,Lean Democrat,DIM,std.error,12.3,12.258576924093404,1
Appendix Figure S13,E-2: Obama,Lean Democrat,OLS,estimate,-6.0,-5.988435329070213,1
Appendix Figure S13,E-2: Obama,Lean Democrat,OLS,std.error,9.6,9.610478697563376,1
Appendix Figure S13,E-2: Obama,Weak Democrat,DIM,estimate,-17.2,-17.1505408925875,1
Appendix Figure S13,E-2: Obama,Weak Democrat,DIM,std.error,9.1,9.069293226236404,1
Appendix Figure S13,E-2: Obama,Weak Democrat,OLS,estimate,-27.3,-27.299479891143356,1
Appendix Figure S13,E-2: Obama,Weak Democrat,OLS,std.error,8.9,8.898610448719994,1
Appendix Figure S13,E-2: Obama,Strong Democrat,DIM,estimate,-0.6,-0.6262764743964482,1
Appendix Figure S13,E-2: Obama,Strong Democrat,DIM,std.error,7.6,7.572257768662912,1
Appendix Figure S13,E-2: Obama,Strong Democrat,OLS,estimate,-4.3,-4.299435999554473,1
Appendix Figure S13,E-2: Obama,Strong Democrat,OLS,std.error,5.4,5.401894646025037,1
Appendix Figure S14,E-2: James,Full sample,DIM,estimate,-5.8,-5.767417041969398,1
Appendix Figure S14,E-2: James,Full sample,DIM,std.error,3.9,3.901514252570861,1
Appendix Figure S14,E-2: James,Full sample,OLS,estimate,-3.0,-3.020592827536019,1
Appendix Figure S14,E-2: James,Full sample,OLS,std.error,3.5,3.5278861510774013,1
Appendix Figure S14,E-2: James,Strong Republican,DIM,estimate,-9.9,-9.86809546377973,1
Appendix Figure S14,E-2: James,Strong Republican,DIM,std.error,8.8,8.83790815401233,1
Appendix Figure S14,E-2: James,Strong Republican,OLS,estimate,-16.4,-16.354119087998917,1
Appendix Figure S14,E-2: James,Strong Republican,OLS,std.error,7.0,7.0480541891265975,1
Appendix Figure S14,E-2: James,Weak Republican,DIM,estimate,-3.3,-3.3367228211633,1
Appendix Figure S14,E-2: James,Weak Republican,DIM,std.error,11.5,11.51649207374814,1
Appendix Figure S14,E-2: James,Weak Republican,OLS,estimate,-5.1,-5.116131708798152,1
Appendix Figure S14,E-2: James,Weak Republican,OLS,std.error,9.7,9.696240192024584,1
Appendix Figure S14,E-2: James,Lean Republican,DIM,estimate,0.5,0.5251066471514929,1
Appendix Figure S14,E-2: James,Lean Republican,DIM,std.error,13.6,13.610378609739588,1
Appendix Figure S14,E-2: James,Lean Republican,OLS,estimate,11.3,11.324040837529074,1
Appendix Figure S14,E-2: James,Lean Republican,OLS,std.error,7.9,7.868037071396235,1
Appendix Figure S14,E-2: James,Independent,DIM,estimate,-6.2,-6.211807576634306,1
Appendix Figure S14,E-2: James,Independent,DIM,std.error,8.6,8.586653244024973,1
Appendix Figure S14,E-2: James,Independent,OLS,estimate,-0.3,-0.3316110301866972,1
Appendix Figure S14,E-2: James,Independent,OLS,std.error,7.1,7.146292839186935,1
Appendix Figure S14,E-2: James,Lean Democrat,DIM,estimate,-8.6,-8.602409485997214,1
Appendix Figure S14,E-2: James,Lean Democrat,DIM,std.error,12.5,12.4969276521127,1
Appendix Figure S14,E-2: James,Lean Democrat,OLS,estimate,19.2,19.161037093039617,1
Appendix Figure S14,E-2: James,Lean Democrat,OLS,std.error,11.0,11.023251283127152,1
Appendix Figure S14,E-2: James,Weak Democrat,DIM,estimate,-2.4,-2.4445294081471944,1
Appendix Figure S14,E-2: James,Weak Democrat,DIM,std.error,6.9,6.870326999414456,1
Appendix Figure S14,E-2: James,Weak Democrat,OLS,estimate,2.1,2.057388556721204,1
Appendix Figure S14,E-2: James,Weak Democrat,OLS,std.error,5.7,5.68241712802159,1
Appendix Figure S14,E-2: James,Strong Democrat,DIM,estimate,-2.8,-2.8448134520718944,1
Appendix Figure S14,E-2: James,Strong Democrat,DIM,std.error,8.0,8.0149054015733,1
Appendix Figure S14,E-2: James,Strong Democrat,OLS,estimate,-4.9,-4.947451804853502,1
Appendix Figure S14,E-2: James,Strong Democrat,OLS,std.error,5.6,5.598349924249592,1
Appendix Figure S15,E-2: Ramos,Full sample,DIM,estimate,-8.8,-8.792582296560097,1
Appendix Figure S15,E-2: Ramos,Full sample,DIM,std.error,4.0,4.012402175606742,1
Appendix Figure S15,E-2: Ramos,Full sample,OLS,estimate,-5.5,-5.539747588791612,1
Appendix Figure S15,E-2: Ramos,Full sample,OLS,std.error,3.6,3.558721230035326,1
Appendix Figure S15,E-2: Ramos,Strong Republican,DIM,estimate,-12.3,-12.277957949400085,1
Appendix Figure S15,E-2: Ramos,Strong Republican,DIM,std.error,9.0,9.005566621685988,1
Appendix Figure S15,E-2: Ramos,Strong Republican,OLS,estimate,-25.8,-25.848401572210104,1
Appendix Figure S15,E-2: Ramos,Strong Republican,OLS,std.error,7.0,7.01474833085446,1
Appendix Figure S15,E-2: Ramos,Weak Republican,DIM,estimate,-9.4,-9.41939730103757,1
Appendix Figure S15,E-2: Ramos,Weak Republican,DIM,std.error,11.8,11.797771663350384,1
Appendix Figure S15,E-2: Ramos,Weak Republican,OLS,estimate,-8.2,-8.225537383316043,1
Appendix Figure S15,E-2: Ramos,Weak Republican,OLS,std.error,7.9,7.942539016417616,1
Appendix Figure S15,E-2: Ramos,Lean Republican,DIM,estimate,-4.7,-4.735989483830776,1
Appendix Figure S15,E-2: Ramos,Lean Republican,DIM,std.error,14.3,14.313363527238096,1
Appendix Figure S15,E-2: Ramos,Lean Republican,OLS,estimate,-2.7,-2.6879044920434745,1
Appendix Figure S15,E-2: Ramos,Lean Republican,OLS,std.error,8.8,8.789578647276961,1
Appendix Figure S15,E-2: Ramos,Independent,DIM,estimate,-14.6,-14.64331135345657,1
Appendix Figure S15,E-2: Ramos,Independent,DIM,std.error,8.5,8.505869013202766,1
Appendix Figure S15,E-2: Ramos,Independent,OLS,estimate,-10.8,-10.800419693395185,1
Appendix Figure S15,E-2: Ramos,Independent,OLS,std.error,6.9,6.9337427874004725,1
Appendix Figure S15,E-2: Ramos,Lean Democrat,DIM,estimate,-13.7,-13.650633202775635,1
Appendix Figure S15,E-2: Ramos,Lean Democrat,DIM,std.error,12.9,12.915164734234166,1
Appendix Figure S15,E-2: Ramos,Lean Democrat,OLS,estimate,-15.8,-15.795272425221471,1
Appendix Figure S15,E-2: Ramos,Lean Democrat,OLS,std.error,7.7,7.689879483457244,1
Appendix Figure S15,E-2: Ramos,Weak Democrat,DIM,estimate,-17.3,-17.346885619308946,1
Appendix Figure S15,E-2: Ramos,Weak Democrat,DIM,std.error,9.9,9.889835568294806,1
Appendix Figure S15,E-2: Ramos,Weak Democrat,OLS,estimate,-15.3,-15.348471557175852,1
Appendix Figure S15,E-2: Ramos,Weak Democrat,OLS,std.error,7.8,7.777387371555836,1
Appendix Figure S15,E-2: Ramos,Strong Democrat,DIM,estimate,8.5,8.498049825430282,1
Appendix Figure S15,E-2: Ramos,Strong Democrat,DIM,std.error,7.0,6.9693187896889945,1
Appendix Figure S15,E-2: Ramos,Strong Democrat,OLS,estimate,10.9,10.90465639755092,1
Appendix Figure S15,E-2: Ramos,Strong Democrat,OLS,std.error,4.5,4.464897668096989,1
Appendix Figure S16,G-1: Less restrictive mask guidance,Full sample,DIM,estimate,6.0,5.960099913507571,1
Appendix Figure S16,G-1: Less restrictive mask guidance,Full sample,DIM,std.error,0.7,0.740682593167965,1
Appendix Figure S16,G-1: Less restrictive mask guidance,Full sample,OLS,estimate,6.0,5.982114960867598,1
Appendix Figure S16,G-1: Less restrictive mask guidance,Full sample,OLS,std.error,0.7,0.7187027164967236,1
Appendix Figure S16,G-1: Less restrictive mask guidance,Strong Republican,DIM,estimate,4.6,4.640347427843623,1
Appendix Figure S16,G-1: Less restrictive mask guidance,Strong Republican,DIM,std.error,1.7,1.665709249554304,1
Appendix Figure S16,G-1: Less restrictive mask guidance,Strong Republican,OLS,estimate,4.9,4.927798766893745,1
Appendix Figure S16,G-1: Less restrictive mask guidance,Strong Republican,OLS,std.error,1.6,1.5847714533181227,1
Appendix Figure S16,G-1: Less restrictive mask guidance,Weak Republican,DIM,estimate,4.5,4.500796765672323,1
Appendix Figure S16,G-1: Less restrictive mask guidance,Weak Republican,DIM,std.error,2.3,2.3092199442178796,1
Appendix Figure S16,G-1: Less restrictive mask guidance,Weak Republican,OLS,estimate,5.2,5.218872527665916,1
Appendix Figure S16,G-1: Less restrictive mask guidance,Weak Republican,OLS,std.error,2.2,2.211960702749451,1
Appendix Figure S16,G-1: Less restrictive mask guidance,Lean Republican,DIM,estimate,12.4,12.356049105538894,1
Appendix Figure S16,G-1: Less restrictive mask guidance,Lean Republican,DIM,std.error,2.7,2.659917410882474,1
Appendix Figure S16,G-1: Less restrictive mask guidance,Lean Republican,OLS,estimate,11.5,11.493177083307591,1
Appendix Figure S16,G-1: Less restrictive mask guidance,Lean Republican,OLS,std.error,2.6,2.6061086891107963,1
Appendix Figure S16,G-1: Less restrictive mask guidance,Independent,DIM,estimate,6.6,6.645821151780128,1
Appendix Figure S16,G-1: Less restrictive mask guidance,Independent,DIM,std.error,1.7,1.723436476174605,1
Appendix Figure S16,G-1: Less restrictive mask guidance,Independent,OLS,estimate,6.6,6.58042904754553,1
Appendix Figure S16,G-1: Less restrictive mask guidance,Independent,OLS,std.error,1.7,1.6844036934992843,1
Appendix Figure S16,G-1: Less restrictive mask guidance,Lean Democrat,DIM,estimate,9.4,9.445409814175957,1
Appendix Figure S16,G-1: Less restrictive mask guidance,Lean Democrat,DIM,std.error,2.7,2.739905596623766,1
Appendix Figure S16,G-1: Less restrictive mask guidance,Lean Democrat,OLS,estimate,8.8,8.778716280807037,1
Appendix Figure S16,G-1: Less restrictive mask guidance,Lean Democrat,OLS,std.error,2.7,2.690073011317902,1
Appendix Figure S16,G-1: Less restrictive mask guidance,Weak Democrat,DIM,estimate,2.9,2.9431308571925623,1
Appendix Figure S16,G-1: Less restrictive mask guidance,Weak Democrat,DIM,std.error,2.2,2.1766651754982265,1
Appendix Figure S16,G-1: Less restrictive mask guidance,Weak Democrat,OLS,estimate,3.6,3.605227854136369,1
Appendix Figure S16,G-1: Less restrictive mask guidance,Weak Democrat,OLS,std.error,2.1,2.0513043990866477,1
Appendix Figure S16,G-1: Less restrictive mask guidance,Strong Democrat,DIM,estimate,5.2,5.242540176813343,1
Appendix Figure S16,G-1: Less restrictive mask guidance,Strong Democrat,DIM,std.error,1.4,1.438541682085416,1
Appendix Figure S16,G-1: Less restrictive mask guidance,Strong Democrat,OLS,estimate,5.3,5.282485842385637,1
Appendix Figure S16,G-1: Less restrictive mask guidance,Strong Democrat,OLS,std.error,1.4,1.3553485675776484,1
Appendix Figure S17,G-3: More restrictive mask guidance,Full sample,DIM,estimate,1.2,1.1683752006103263,1
Appendix Figure S17,G-3: More restrictive mask guidance,Full sample,DIM,std.error,0.8,0.8056292727762525,1
Appendix Figure S17,G-3: More restrictive mask guidance,Full sample,OLS,estimate,1.5,1.540256488312194,1
Appendix Figure S17,G-3: More restrictive mask guidance,Full sample,OLS,std.error,0.7,0.7429736890122253,1
Appendix Figure S17,G-3: More restrictive mask guidance,Strong Republican,DIM,estimate,2.5,2.4535670274949126,1
Appendix Figure S17,G-3: More restrictive mask guidance,Strong Republican,DIM,std.error,1.9,1.948680960702443,1
Appendix Figure S17,G-3: More restrictive mask guidance,Strong Republican,OLS,estimate,2.8,2.789736998491947,1
Appendix Figure S17,G-3: More restrictive mask guidance,Strong Republican,OLS,std.error,1.8,1.812394912806881,1
Appendix Figure S17,G-3: More restrictive mask guidance,Weak Republican,DIM,estimate,-3.0,-3.0138338416078203,1
Appendix Figure S17,G-3: More restrictive mask guidance,Weak Republican,DIM,std.error,2.6,2.5608266317763624,1
Appendix Figure S17,G-3: More restrictive mask guidance,Weak Republican,OLS,estimate,-1.6,-1.6200719509747588,1
Appendix Figure S17,G-3: More restrictive mask guidance,Weak Republican,OLS,std.error,2.4,2.429600623714619,1
Appendix Figure S17,G-3: More restrictive mask guidance,Lean Republican,DIM,estimate,6.0,5.9861893535072035,1
Appendix Figure S17,G-3: More restrictive mask guidance,Lean Republican,DIM,std.error,3.0,3.0222333748856425,1
Appendix Figure S17,G-3: More restrictive mask guidance,Lean Republican,OLS,estimate,7.9,7.919631436422065,1
Appendix Figure S17,G-3: More restrictive mask guidance,Lean Republican,OLS,std.error,2.7,2.728838076384057,1
Appendix Figure S17,G-3: More restrictive mask guidance,Independent,DIM,estimate,0.1,0.1176030644645434,1
Appendix Figure S17,G-3: More restrictive mask guidance,Independent,DIM,std.error,2.0,1.991345204802378,1
Appendix Figure S17,G-3: More restrictive mask guidance,Independent,OLS,estimate,0.7,0.7098067303724311,1
Appendix Figure S17,G-3: More restrictive mask guidance,Independent,OLS,std.error,1.9,1.855297883935242,1
Appendix Figure S17,G-3: More restrictive mask guidance,Lean Democrat,DIM,estimate,5.9,5.881683969919791,1
Appendix Figure S17,G-3: More restrictive mask guidance,Lean Democrat,DIM,std.error,2.7,2.668699510400293,1
Appendix Figure S17,G-3: More restrictive mask guidance,Lean Democrat,OLS,estimate,6.3,6.271174477705379,1
Appendix Figure S17,G-3: More restrictive mask guidance,Lean Democrat,OLS,std.error,2.5,2.4983067486699015,1
Appendix Figure S17,G-3: More restrictive mask guidance,Weak Democrat,DIM,estimate,-1.6,-1.5622914711056095,1
Appendix Figure S17,G-3: More restrictive mask guidance,Weak Democrat,DIM,std.error,2.0,1.995665285738686,1
Appendix Figure S17,G-3: More restrictive mask guidance,Weak Democrat,OLS,estimate,-1.5,-1.4590612169700932,1
Appendix Figure S17,G-3: More restrictive mask guidance,Weak Democrat,OLS,std.error,1.9,1.941406193552797,1
Appendix Figure S17,G-3: More restrictive mask guidance,Strong Democrat,DIM,estimate,1.4,1.359871015261164,1
Appendix Figure S17,G-3: More restrictive mask guidance,Strong Democrat,DIM,std.error,1.2,1.1778084150735584,1
Appendix Figure S17,G-3: More restrictive mask guidance,Strong Democrat,OLS,estimate,1.1,1.064846581733604,1
Appendix Figure S17,G-3: More restrictive mask guidance,Strong Democrat,OLS,std.error,1.1,1.1338840204210003,1
Appendix Figure S18,I-1: Contagiousness,Full sample,DIM,estimate,-1.0,-1.0396019733445716,1
Appendix Figure S18,I-1: Contagiousness,Full sample,DIM,std.error,1.4,1.4022864069879524,1
Appendix Figure S18,I-1: Contagiousness,Full sample,OLS,estimate,-1.0,-0.9569165315850564,1
Appendix Figure S18,I-1: Contagiousness,Full sample,OLS,std.error,1.3,1.284222813696646,1
Appendix Figure S18,I-1: Contagiousness,Strong Republican,DIM,estimate,-1.5,-1.4750777501749694,1
Appendix Figure S18,I-1: Contagiousness,Strong Republican,DIM,std.error,2.3,2.2755769072610303,1
Appendix Figure S18,I-1: Contagiousness,Strong Republican,OLS,estimate,-0.6,-0.5596906649714212,1
Appendix Figure S18,I-1: Contagiousness,Strong Republican,OLS,std.error,2.0,1.9750353871552089,1
Appendix Figure S18,I-1: Contagiousness,Weak Republican,DIM,estimate,0.8,0.8246552220123765,1
Appendix Figure S18,I-1: Contagiousness,Weak Republican,DIM,std.error,4.1,4.132726984498843,1
Appendix Figure S18,I-1: Contagiousness,Weak Republican,OLS,estimate,-0.8,-0.7823768064719514,1
Appendix Figure S18,I-1: Contagiousness,Weak Republican,OLS,std.error,3.7,3.673207662098541,1
Appendix Figure S18,I-1: Contagiousness,Lean Republican,DIM,estimate,-0.1,-0.06264288438035329,1
Appendix Figure S18,I-1: Contagiousness,Lean Republican,DIM,std.error,3.8,3.755902303445939,1
Appendix Figure S18,I-1: Contagiousness,Lean Republican,OLS,estimate,2.0,1.971669260375339,1
Appendix Figure S18,I-1: Contagiousness,Lean Republican,OLS,std.error,3.0,2.950870764955787,1
Appendix Figure S18,I-1: Contagiousness,Independent,DIM,estimate,3.1,3.0702325407637474,1
Appendix Figure S18,I-1: Contagiousness,Independent,DIM,std.error,2.5,2.536857896015621,1
Appendix Figure S18,I-1: Contagiousness,Independent,OLS,estimate,1.8,1.8307823417418827,1
Appendix Figure S18,I-1: Contagiousness,Independent,OLS,std.error,2.3,2.28614280780826,1
Appendix Figure S18,I-1: Contagiousness,Lean Democrat,DIM,estimate,-6.4,-6.417455451167416,1
Appendix Figure S18,I-1: Contagiousness,Lean Democrat,DIM,std.error,6.5,6.517488735325454,1
Appendix Figure S18,I-1: Contagiousness,Lean Democrat,OLS,estimate,-2.1,-2.102719043219541,1
Appendix Figure S18,I-1: Contagiousness,Lean Democrat,OLS,std.error,5.7,5.6782804178639505,1
Appendix Figure S18,I-1: Contagiousness,Weak Democrat,DIM,estimate,-0.6,-0.5926701099738194,1
Appendix Figure S18,I-1: Contagiousness,Weak Democrat,DIM,std.error,4.9,4.9466505858832495,1
Appendix Figure S18,I-1: Contagiousness,Weak Democrat,OLS,estimate,-0.6,-0.614021199290997,1
Appendix Figure S18,I-1: Contagiousness,Weak Democrat,OLS,std.error,4.3,4.304433378959219,1
Appendix Figure S18,I-1: Contagiousness,Strong Democrat,DIM,estimate,-11.3,-11.31583498674923,1
Appendix Figure S18,I-1: Contagiousness,Strong Democrat,DIM,std.error,5.4,5.395035932817052,1
Appendix Figure S18,I-1: Contagiousness,Strong Democrat,OLS,estimate,-9.7,-9.686530760823969,1
Appendix Figure S18,I-1: Contagiousness,Strong Democrat,OLS,std.error,4.5,4.538043548064733,1
Appendix Figure S19,I-2: Delta Variant,Full sample,DIM,estimate,1.5,1.5420427879167913,1
Appendix Figure S19,I-2: Delta Variant,Full sample,DIM,std.error,1.6,1.6098143801360991,1
Appendix Figure S19,I-2: Delta Variant,Full sample,OLS,estimate,1.6,1.642129823306597,1
Appendix Figure S19,I-2: Delta Variant,Full sample,OLS,std.error,1.4,1.4287600291765397,1
Appendix Figure S19,I-2: Delta Variant,Strong Republican,DIM,estimate,4.0,3.9532282246981887,1
Appendix Figure S19,I-2: Delta Variant,Strong Republican,DIM,std.error,2.9,2.892002014905787,1
Appendix Figure S19,I-2: Delta Variant,Strong Republican,OLS,estimate,2.7,2.652909540506922,1
Appendix Figure S19,I-2: Delta Variant,Strong Republican,OLS,std.error,2.4,2.4069451774420236,1
Appendix Figure S19,I-2: Delta Variant,Weak Republican,DIM,estimate,4.0,4.04489505665981,1
Appendix Figure S19,I-2: Delta Variant,Weak Republican,DIM,std.error,4.5,4.518710689858659,1
Appendix Figure S19,I-2: Delta Variant,Weak Republican,OLS,estimate,7.6,7.627064778987773,1
Appendix Figure S19,I-2: Delta Variant,Weak Republican,OLS,std.error,3.8,3.8310574518736624,1
Appendix Figure S19,I-2: Delta Variant,Lean Republican,DIM,estimate,-4.1,-4.080762350697775,1
Appendix Figure S19,I-2: Delta Variant,Lean Republican,DIM,std.error,3.9,3.92750968354997,1
Appendix Figure S19,I-2: Delta Variant,Lean Republican,OLS,estimate,-3.4,-3.4088962522396953,1
Appendix Figure S19,I-2: Delta Variant,Lean Republican,OLS,std.error,3.0,3.0457004004900217,1
Appendix Figure S19,I-2: Delta Variant,Independent,DIM,estimate,1.1,1.1435863531311747,1
Appendix Figure S19,I-2: Delta Variant,Independent,DIM,std.error,2.9,2.937465841347825,1
Appendix Figure S19,I-2: Delta Variant,Independent,OLS,estimate,1.5,1.465296323974824,1
Appendix Figure S19,I-2: Delta Variant,Independent,OLS,std.error,2.6,2.6229966644393294,1
Appendix Figure S19,I-2: Delta Variant,Lean Democrat,DIM,estimate,-0.9,-0.8893784511389234,1
Appendix Figure S19,I-2: Delta Variant,Lean Democrat,DIM,std.error,7.2,7.195093426581053,1
Appendix Figure S19,I-2: Delta Variant,Lean Democrat,OLS,estimate,4.6,4.609002333623771,1
Appendix Figure S19,I-2: Delta Variant,Lean Democrat,OLS,std.error,6.4,6.353087345692125,1
Appendix Figure S19,I-2: Delta Variant,Weak Democrat,DIM,estimate,6.5,6.54307546457039,1
Appendix Figure S19,I-2: Delta Variant,Weak Democrat,DIM,std.error,5.9,5.9484904100072615,1
Appendix Figure S19,I-2: Delta Variant,Weak Democrat,OLS,estimate,6.0,6.014871382535867,1
Appendix Figure S19,I-2: Delta Variant,Weak Democrat,OLS,std.error,5.1,5.136026929092085,1
Appendix Figure S19,I-2: Delta Variant,Strong Democrat,DIM,estimate,-1.8,-1.788014162479063,1
Appendix Figure S19,I-2: Delta Variant,Strong Democrat,DIM,std.error,5.4,5.421985014276751,1
Appendix Figure S19,I-2: Delta Variant,Strong Democrat,OLS,estimate,-3.9,-3.926140095335541,1
Appendix Figure S19,I-2: Delta Variant,Strong Democrat,OLS,std.error,4.6,4.584544153189921,1
Appendix Figure S20,I-3: Bivalent Booster - Adult,Full sample,DIM,estimate,9.1,9.094961066916298,1
Appendix Figure S20,I-3: Bivalent Booster - Adult,Full sample,DIM,std.error,1.5,1.4655502624100172,1
Appendix Figure S20,I-3: Bivalent Booster - Adult,Full sample,OLS,estimate,8.3,8.323766581825884,1
Appendix Figure S20,I-3: Bivalent Booster - Adult,Full sample,OLS,std.error,1.3,1.3249847371647203,1
Appendix Figure S20,I-3: Bivalent Booster - Adult,Strong Republican,DIM,estimate,5.3,5.340458987136132,1
Appendix Figure S20,I-3: Bivalent Booster - Adult,Strong Republican,DIM,std.error,3.4,3.43470258166751,1
Appendix Figure S20,I-3: Bivalent Booster - Adult,Strong Republican,OLS,estimate,5.5,5.525355101757614,1
Appendix Figure S20,I-3: Bivalent Booster - Adult,Strong Republican,OLS,std.error,3.2,3.1505129518350437,1
Appendix Figure S20,I-3: Bivalent Booster - Adult,Weak Republican,DIM,estimate,10.1,10.088072871873424,1
Appendix Figure S20,I-3: Bivalent Booster - Adult,Weak Republican,DIM,std.error,4.0,3.9732412529705026,1
Appendix Figure S20,I-3: Bivalent Booster - Adult,Weak Republican,OLS,estimate,9.7,9.73806967327436,1
Appendix Figure S20,I-3: Bivalent Booster - Adult,Weak Republican,OLS,std.error,3.5,3.5033477133338624,1
Appendix Figure S20,I-3: Bivalent Booster - Adult,Lean Republican,DIM,estimate,8.6,8.550807759650121,1
Appendix Figure S20,I-3: Bivalent Booster - Adult,Lean Republican,DIM,std.error,4.8,4.80391390177656,1
Appendix Figure S20,I-3: Bivalent Booster - Adult,Lean Republican,OLS,estimate,7.9,7.858497499141484,1
Appendix Figure S20,I-3: Bivalent Booster - Adult,Lean Republican,OLS,std.error,4.2,4.170957707830852,1
Appendix Figure S20,I-3: Bivalent Booster - Adult,Independent,DIM,estimate,6.1,6.134136155101194,1
Appendix Figure S20,I-3: Bivalent Booster - Adult,Independent,DIM,std.error,3.8,3.763981169300412,1
Appendix Figure S20,I-3: Bivalent Booster - Adult,Independent,OLS,estimate,4.8,4.792934417888255,1
Appendix Figure S20,I-3: Bivalent Booster - Adult,Independent,OLS,std.error,3.3,3.281538623179409,1
Appendix Figure S20,I-3: Bivalent Booster - Adult,Lean Democrat,DIM,estimate,12.3,12.287814073392516,1
Appendix Figure S20,I-3: Bivalent Booster - Adult,Lean Democrat,DIM,std.error,4.5,4.515233555394809,1
Appendix Figure S20,I-3: Bivalent Booster - Adult,Lean Democrat,OLS,estimate,12.5,12.52441822277271,1
Appendix Figure S20,I-3: Bivalent Booster - Adult,Lean Democrat,OLS,std.error,3.8,3.795993203677863,1
Appendix Figure S20,I-3: Bivalent Booster - Adult,Weak Democrat,DIM,estimate,15.7,15.68051227696984,1
Appendix Figure S20,I-3: Bivalent Booster - Adult,Weak Democrat,DIM,std.error,3.8,3.830382192352044,1
Appendix Figure S20,I-3: Bivalent Booster - Adult,Weak Democrat,OLS,estimate,17.1,17.11455830451124,1
Appendix Figure S20,I-3: Bivalent Booster - Adult,Weak Democrat,OLS,std.error,3.5,3.547567143286048,1
Appendix Figure S20,I-3: Bivalent Booster - Adult,Strong Democrat,DIM,estimate,6.3,6.309928990644373,1
Appendix Figure S20,I-3: Bivalent Booster - Adult,Strong Democrat,DIM,std.error,2.5,2.5451767537383407,1
Appendix Figure S20,I-3: Bivalent Booster - Adult,Strong Democrat,OLS,estimate,4.6,4.635545185689532,1
Appendix Figure S20,I-3: Bivalent Booster - Adult,Strong Democrat,OLS,std.error,2.3,2.3395665864977393,1
Appendix Figure S21,I-4: Bivalent Booster - Child,Full sample,DIM,estimate,15.5,15.531575326469213,1
Appendix Figure S21,I-4: Bivalent Booster - Child,Full sample,DIM,std.error,3.6,3.587831932316609,1
Appendix Figure S21,I-4: Bivalent Booster - Child,Full sample,OLS,estimate,16.2,16.24980708669025,1
Appendix Figure S21,I-4: Bivalent Booster - Child,Full sample,OLS,std.error,3.2,3.2294380185469524,1
Appendix Figure S21,I-4: Bivalent Booster - Child,Strong Republican,DIM,estimate,24.3,24.312320000317236,1
Appendix Figure S21,I-4: Bivalent Booster - Child,Strong Republican,DIM,std.error,9.8,9.846427413220574,1
Appendix Figure S21,I-4: Bivalent Booster - Child,Strong Republican,OLS,estimate,23.8,23.80158785900966,1
Appendix Figure S21,I-4: Bivalent Booster - Child,Strong Republican,OLS,std.error,8.5,8.537918704272306,1
Appendix Figure S21,I-4: Bivalent Booster - Child,Weak Republican,DIM,estimate,16.2,16.20283808582026,1
Appendix Figure S21,I-4: Bivalent Booster - Child,Weak Republican,DIM,std.error,10.0,9.951753253236449,1
Appendix Figure S21,I-4: Bivalent Booster - Child,Weak Republican,OLS,estimate,15.5,15.539452186962263,1
Appendix Figure S21,I-4: Bivalent Booster - Child,Weak Republican,OLS,std.error,8.9,8.876222956594969,1
Appendix Figure S21,I-4: Bivalent Booster - Child,Lean Republican,DIM,estimate,21.3,21.32851858958465,1
Appendix Figure S21,I-4: Bivalent Booster - Child,Lean Republican,DIM,std.error,14.8,14.845948549656654,1
Appendix Figure S21,I-4: Bivalent Booster - Child,Lean Republican,OLS,estimate,16.4,16.439249037045986,1
Appendix Figure S21,I-4: Bivalent Booster - Child,Lean Republican,OLS,std.error,13.1,13.144678194032142,1
Appendix Figure S21,I-4: Bivalent Booster - Child,Independent,DIM,estimate,7.1,7.086090260688341,1
Appendix Figure S21,I-4: Bivalent Booster - Child,Independent,DIM,std.error,9.2,9.249792756972996,1
Appendix Figure S21,I-4: Bivalent Booster - Child,Independent,OLS,estimate,10.7,10.709068879506193,1
Appendix Figure S21,I-4: Bivalent Booster - Child,Independent,OLS,std.error,7.3,7.334036725609053,1
Appendix Figure S21,I-4: Bivalent Booster - Child,Lean Democrat,DIM,estimate,10.0,10.006671226063906,1
Appendix Figure S21,I-4: Bivalent Booster - Child,Lean Democrat,DIM,std.error,10.6,10.589332455017042,1
Appendix Figure S21,I-4: Bivalent Booster - Child,Lean Democrat,OLS,estimate,-2.3,-2.2686992027767117,1
Appendix Figure S21,I-4: Bivalent Booster - Child,Lean Democrat,OLS,std.error,7.5,7.50598692209869,1
Appendix Figure S21,I-4: Bivalent Booster - Child,Weak Democrat,DIM,estimate,24.9,24.887043449527138,1
Appendix Figure S21,I-4: Bivalent Booster - Child,Weak Democrat,DIM,std.error,8.5,8.540785489689231,1
Appendix Figure S21,I-4: Bivalent Booster - Child,Weak Democrat,OLS,estimate,26.1,26.08510443353607,1
Appendix Figure S21,I-4: Bivalent Booster - Child,Weak Democrat,OLS,std.error,6.7,6.700866913001391,1
Appendix Figure S21,I-4: Bivalent Booster - Child,Strong Democrat,DIM,estimate,13.4,13.388407399491692,1
Appendix Figure S21,I-4: Bivalent Booster - Child,Strong Democrat,DIM,std.error,5.7,5.664284774187394,1
Appendix Figure S21,I-4: Bivalent Booster - Child,Strong Democrat,OLS,estimate,11.3,11.255703993183836,1
Appendix Figure S21,I-4: Bivalent Booster - Child,Strong Democrat,OLS,std.error,4.6,4.647436810009468,1
Appendix Figure S22,I-5: Vaccince - Child,Full sample,DIM,estimate,6.7,6.739162328502951,1
Appendix Figure S22,I-5: Vaccince - Child,Full sample,DIM,std.error,3.7,3.732109731305784,1
Appendix Figure S22,I-5: Vaccince - Child,Full sample,OLS,estimate,5.7,5.733106818649247,1
Appendix Figure S22,I-5: Vaccince - Child,Full sample,OLS,std.error,3.4,3.4274303196200293,1
Appendix Figure S22,I-5: Vaccince - Child,Strong Republican,DIM,estimate,-2.6,-2.584392092118246,1
Appendix Figure S22,I-5: Vaccince - Child,Strong Republican,DIM,std.error,8.2,8.206979673318921,1
Appendix Figure S22,I-5: Vaccince - Child,Strong Republican,OLS,estimate,-1.2,-1.2075538867040303,1
Appendix Figure S22,I-5: Vaccince - Child,Strong Republican,OLS,std.error,6.5,6.505106279684803,1
Appendix Figure S22,I-5: Vaccince - Child,Weak Republican,DIM,estimate,13.2,13.16573485966207,1
Appendix Figure S22,I-5: Vaccince - Child,Weak Republican,DIM,std.error,8.0,7.963778018742987,1
Appendix Figure S22,I-5: Vaccince - Child,Weak Republican,OLS,estimate,15.1,15.129557114886394,1
Appendix Figure S22,I-5: Vaccince - Child,Weak Republican,OLS,std.error,5.8,5.845872232464712,1
Appendix Figure S22,I-5: Vaccince - Child,Lean Republican,DIM,estimate,-7.6,-7.629799912420925,1
Appendix Figure S22,I-5: Vaccince - Child,Lean Republican,DIM,std.error,11.8,11.754350149465758,1
Appendix Figure S22,I-5: Vaccince - Child,Lean Republican,OLS,estimate,-2.2,-2.2450045670766228,1
Appendix Figure S22,I-5: Vaccince - Child,Lean Republican,OLS,std.error,8.9,8.944647184949162,1
Appendix Figure S22,I-5: Vaccince - Child,Independent,DIM,estimate,16.2,16.2024756647588,1
Appendix Figure S22,I-5: Vaccince - Child,Independent,DIM,std.error,8.8,8.802297426771775,1
Appendix Figure S22,I-5: Vaccince - Child,Independent,OLS,estimate,15.2,15.179292490748637,1
Appendix Figure S22,I-5: Vaccince - Child,Independent,OLS,std.error,7.4,7.402965575435527,1
Appendix Figure S22,I-5: Vaccince - Child,Lean Democrat,DIM,estimate,11.8,11.840598231611317,1
Appendix Figure S22,I-5: Vaccince - Child,Lean Democrat,DIM,std.error,12.5,12.53508904659744,1
Appendix Figure S22,I-5: Vaccince - Child,Lean Democrat,OLS,estimate,11.6,11.573886122260053,1
Appendix Figure S22,I-5: Vaccince - Child,Lean Democrat,OLS,std.error,8.8,8.817398825360637,1
Appendix Figure S22,I-5: Vaccince - Child,Weak Democrat,DIM,estimate,-2.5,-2.461496075358626,1
Appendix Figure S22,I-5: Vaccince - Child,Weak Democrat,DIM,std.error,10.2,10.197934043598526,1
Appendix Figure S22,I-5: Vaccince - Child,Weak Democrat,OLS,estimate,2.7,2.653523535588008,1
Appendix Figure S22,I-5: Vaccince - Child,Weak Democrat,OLS,std.error,9.0,9.006222132507332,1
Appendix Figure S22,I-5: Vaccince - Child,Strong Democrat,DIM,estimate,5.3,5.262916757418896,1
Appendix Figure S22,I-5: Vaccince - Child,Strong Democrat,DIM,std.error,7.7,7.71002992229215,1
Appendix Figure S22,I-5: Vaccince - Child,Strong Democrat,OLS,estimate,5.9,5.877500720513355,1
Appendix Figure S22,I-5: Vaccince - Child,Strong Democrat,OLS,std.error,7.3,7.265800910921244,1
